{"type": "FeatureCollection", "features": [{"type": "Feature", "properties": {"substation": "ΑΙΓΑΛΕΩ (150/20)", "deddie_icons": ["Green"], "min_margin_mva": 16.2, "prefecture": "Περιφερειακή Ενότητα Δυτικού Τομέα Αθηνών", "feeding_kyt": "ΚΥΤ ΚΟΥΜΟΥΝΔΟΥΡΟΥ", "kyt_distance_km": 6.5, "topology_status": "assigned", "admie_zone": null, "admie_confidence": null, "admie_decision": null, "hidden_red": false, "slope_mean_deg": 4.9, "gentle_frac": 0.93, "terrain": "gentle"}, "geometry": {"type": "Point", "coordinates": [23.6682085416054, 38.0094927984461]}}, {"type": "Feature", "properties": {"substation": "ΑΙΓΙΝΙΟΥ", "deddie_icons": ["Green", "Orange"], "min_margin_mva": 2.0, "prefecture": "Περιφερειακή Ενότητα Πιερίας", "feeding_kyt": "Κέντρο Υπερυψηλής Τάσης Θεσσαλονίκης (ΚΥΤ)", "kyt_distance_km": 62.7, "topology_status": "assigned", "admie_zone": "Κεντρική Μακεδονία (τμήμα)", "admie_confidence": "medium", "admie_decision": "not confirmed (Art.14 framework)", "hidden_red": false, "slope_mean_deg": 5.0, "gentle_frac": 0.9, "terrain": "gentle"}, "geometry": {"type": "Point", "coordinates": [22.5540095668569, 40.4772968039738]}}, {"type": "Feature", "properties": {"substation": "ΑΙΤΩΛΙΚΟΥ", "deddie_icons": ["Green", "Red"], "min_margin_mva": 0.0, "prefecture": "Περιφερειακή Ενότητα Αιτωλοακαρνανίας", "feeding_kyt": "Κέντρο Υπερυψηλής Τάσης Αχελώου", "kyt_distance_km": 44.3, "topology_status": "assigned", "admie_zone": "Δυτική Ελλάδα (τμήμα)", "admie_confidence": "low", "admie_decision": "not confirmed", "hidden_red": false, "slope_mean_deg": 9.3, "gentle_frac": 0.65, "terrain": "gentle"}, "geometry": {"type": "Point", "coordinates": [21.3793855317233, 38.4381759075558]}}, {"type": "Feature", "properties": {"substation": "ΑΛΕΞΑΝΔΡΟΥΠΟΛΗΣ", "deddie_icons": ["Orange"], "min_margin_mva": 0.4, "prefecture": "Περιφερειακή Ενότητα Έβρου", "feeding_kyt": "Κέντρο Υπερυψηλής Τάσης (ΚΥΤ) Νέας Σάντας", "kyt_distance_km": 124.3, "topology_status": "assigned", "admie_zone": "Θράκη", "admie_confidence": "medium", "admie_decision": "not confirmed as a single citable transmission decision; Art.14 annual framework", "hidden_red": false, "slope_mean_deg": 2.4, "gentle_frac": 1.0, "terrain": "gentle"}, "geometry": {"type": "Point", "coordinates": [25.8720632823217, 40.8666074709614]}}, {"type": "Feature", "properties": {"substation": "ΑΡΓΥΡΟΥ", "deddie_icons": ["Green", "Red"], "min_margin_mva": 0.0, "prefecture": "Περιφερειακή Ενότητα Ευβοίας", "feeding_kyt": "ΚΥΤ ΑΛΙΒΕΡΙΟΥ", "kyt_distance_km": 11.8, "topology_status": "assigned", "admie_zone": "Εύβοια", "admie_confidence": "high", "admie_decision": "ΡΑΕ 136/2006 & 96/2007 (χαρακτηρισμός)· περιθώρια ΡΑΕ 1253/2010, 1291/2011", "hidden_red": false, "slope_mean_deg": 16.7, "gentle_frac": 0.27, "terrain": "steep"}, "geometry": {"type": "Point", "coordinates": [24.1400716964687, 38.3232278451166]}}, {"type": "Feature", "properties": {"substation": "ΑΡΙΣΤΕΙΔΟΥ (150/20)", "deddie_icons": ["Green"], "min_margin_mva": 51.8, "prefecture": "Περιφερειακή Ενότητα Κεντρικού Τομέα Αθηνών", "feeding_kyt": "ΚΥΤ ΚΟΥΜΟΥΝΔΟΥΡΟΥ", "kyt_distance_km": 12.7, "topology_status": "assigned", "admie_zone": null, "admie_confidence": null, "admie_decision": null, "hidden_red": false, "slope_mean_deg": 7.8, "gentle_frac": 0.73, "terrain": "gentle"}, "geometry": {"type": "Point", "coordinates": [23.7297358726084, 37.9787876941385]}}, {"type": "Feature", "properties": {"substation": "ΑΤΑΛΑΝΤΗΣ", "deddie_icons": ["Green", "Orange"], "min_margin_mva": 1.0, "prefecture": "Περιφερειακή Ενότητα Φθιώτιδας", "feeding_kyt": "ΚΥΤ ΛΑΡΙΜΝΑΣ", "kyt_distance_km": 23.2, "topology_status": "assigned", "admie_zone": "Στερεά Ελλάδα", "admie_confidence": "medium", "admie_decision": "not confirmed (Art.14 framework)", "hidden_red": false, "slope_mean_deg": 0.9, "gentle_frac": 1.0, "terrain": "gentle"}, "geometry": {"type": "Point", "coordinates": [23.06752100088, 38.6643966610443]}}, {"type": "Feature", "properties": {"substation": "ΒΑΒΔΟΥ", "deddie_icons": ["Orange", "Red"], "min_margin_mva": 0.0, "prefecture": "Περιφερειακή Ενότητα Χαλκιδικής", "feeding_kyt": "Κέντρο Υπερυψηλής Τάσης (ΚΥΤ) Φιλίππων", "kyt_distance_km": 197.5, "topology_status": "assigned", "admie_zone": null, "admie_confidence": null, "admie_decision": null, "hidden_red": false, "slope_mean_deg": 9.4, "gentle_frac": 0.61, "terrain": "gentle"}, "geometry": {"type": "Point", "coordinates": [23.3287052611755, 40.4613099559089]}}, {"type": "Feature", "properties": {"substation": "ΒΕΛΟΥ", "deddie_icons": ["Green"], "min_margin_mva": 32.8, "prefecture": "Περιφερειακή Ενότητα Κορινθίας", "feeding_kyt": "ΚΥΤ Αθικίων", "kyt_distance_km": 29.8, "topology_status": "assigned", "admie_zone": null, "admie_confidence": null, "admie_decision": null, "hidden_red": false, "slope_mean_deg": 1.7, "gentle_frac": 1.0, "terrain": "gentle"}, "geometry": {"type": "Point", "coordinates": [22.7515907491691, 37.9979084197556]}}, {"type": "Feature", "properties": {"substation": "ΒΟΛΟΣ ΒΙΠΕ", "deddie_icons": ["Green"], "min_margin_mva": 2.0, "prefecture": "Περιφερειακή Ενότητα Μαγνησίας", "feeding_kyt": "ΚΥΤ ΛΑΡΙΣΑΣ", "kyt_distance_km": 38.1, "topology_status": "assigned", "admie_zone": null, "admie_confidence": null, "admie_decision": null, "hidden_red": false, "slope_mean_deg": 7.5, "gentle_frac": 0.74, "terrain": "gentle"}, "geometry": {"type": "Point", "coordinates": [22.8718301638371, 39.3728609105538]}}, {"type": "Feature", "properties": {"substation": "ΓΡΕΒΕΝΩΝ", "deddie_icons": ["Green"], "min_margin_mva": 7.3, "prefecture": "Περιφερειακή Ενότητα Γρεβενών", "feeding_kyt": "ΚΥΤ Καρδιάς", "kyt_distance_km": 70.8, "topology_status": "assigned", "admie_zone": "Δυτική Μακεδονία", "admie_confidence": "medium", "admie_decision": "not confirmed (Art.14 framework)", "hidden_red": true, "slope_mean_deg": 9.0, "gentle_frac": 0.63, "terrain": "gentle"}, "geometry": {"type": "Point", "coordinates": [21.4500482849824, 40.0812107481467]}}, {"type": "Feature", "properties": {"substation": "ΕΛΑΣΣΟΝΑΣ", "deddie_icons": ["Green", "Orange"], "min_margin_mva": 0.0, "prefecture": "Περιφερειακή Ενότητα Λάρισας", "feeding_kyt": "ΚΥΤ Καρδιάς", "kyt_distance_km": 116.5, "topology_status": "assigned", "admie_zone": "Θεσσαλία", "admie_confidence": "medium", "admie_decision": "not confirmed (Art.14 framework)", "hidden_red": false, "slope_mean_deg": 5.1, "gentle_frac": 0.82, "terrain": "gentle"}, "geometry": {"type": "Point", "coordinates": [22.1673512769885, 39.8531415541663]}}, {"type": "Feature", "properties": {"substation": "ΕΛΕΥΘΕΡΙΑΣ (150/20)", "deddie_icons": ["Green"], "min_margin_mva": 97.1, "prefecture": "Περιφερειακή Ενότητα Κεντρικού Τομέα Αθηνών", "feeding_kyt": "ΚΥΤ ΚΟΥΜΟΥΝΔΟΥΡΟΥ", "kyt_distance_km": 11.9, "topology_status": "assigned", "admie_zone": null, "admie_confidence": null, "admie_decision": null, "hidden_red": false, "slope_mean_deg": 6.5, "gentle_frac": 0.82, "terrain": "gentle"}, "geometry": {"type": "Point", "coordinates": [23.7203002722578, 37.9807845181784]}}, {"type": "Feature", "properties": {"substation": "ΖΑΡΑΚΑ", "deddie_icons": ["Red"], "min_margin_mva": 0.0, "prefecture": "Περιφερειακή Ενότητα Λακωνίας", "feeding_kyt": "ΚΥΤ Αθικίων", "kyt_distance_km": 133.9, "topology_status": "assigned", "admie_zone": null, "admie_confidence": null, "admie_decision": null, "hidden_red": false, "slope_mean_deg": 10.4, "gentle_frac": 0.61, "terrain": "gentle"}, "geometry": {"type": "Point", "coordinates": [22.8723586619246, 36.8280973667918]}}, {"type": "Feature", "properties": {"substation": "ΗΡΑΚΛΕΙΟ IΙ", "deddie_icons": ["Green"], "min_margin_mva": 27.6, "prefecture": "Περιφερειακή Ενότητα Ηρακλείου", "feeding_kyt": "ΚΥΤ Αθικίων", "kyt_distance_km": 455.1, "topology_status": "assigned", "admie_zone": null, "admie_confidence": null, "admie_decision": null, "hidden_red": false, "slope_mean_deg": 4.9, "gentle_frac": 0.89, "terrain": "gentle"}, "geometry": {"type": "Point", "coordinates": [25.155, 35.33394]}}, {"type": "Feature", "properties": {"substation": "Θ - IV (Ν. Ελβετία)", "deddie_icons": ["Green"], "min_margin_mva": 40.4, "prefecture": "Μητροπολιτική Ενότητα Θεσσαλονίκης", "feeding_kyt": "Κέντρο Υπερυψηλής Τάσης Θεσσαλονίκης (ΚΥΤ)", "kyt_distance_km": 19.7, "topology_status": "assigned", "admie_zone": null, "admie_confidence": null, "admie_decision": null, "hidden_red": false, "slope_mean_deg": 5.5, "gentle_frac": 0.9, "terrain": "gentle"}, "geometry": {"type": "Point", "coordinates": [22.9647619228931, 40.5913967324819]}}, {"type": "Feature", "properties": {"substation": "Θ - ΧΙ (Παύλου Μελά)", "deddie_icons": ["Green"], "min_margin_mva": 33.7, "prefecture": "Μητροπολιτική Ενότητα Θεσσαλονίκης", "feeding_kyt": "Κέντρο Υπερυψηλής Τάσης Θεσσαλονίκης (ΚΥΤ)", "kyt_distance_km": 4.2, "topology_status": "assigned", "admie_zone": null, "admie_confidence": null, "admie_decision": null, "hidden_red": false, "slope_mean_deg": 5.4, "gentle_frac": 0.92, "terrain": "gentle"}, "geometry": {"type": "Point", "coordinates": [22.9372284547673, 40.6631850305419]}}, {"type": "Feature", "properties": {"substation": "ΙΕΡΑΠΕΤΡΑΣ", "deddie_icons": ["Green"], "min_margin_mva": 25.5, "prefecture": "Περιφερειακή Ενότητα Λασιθίου", "feeding_kyt": "ΚΥΤ Αθικίων", "kyt_distance_km": 524.1, "topology_status": "assigned", "admie_zone": null, "admie_confidence": null, "admie_decision": null, "hidden_red": false, "slope_mean_deg": 2.2, "gentle_frac": 0.98, "terrain": "gentle"}, "geometry": {"type": "Point", "coordinates": [25.7578, 35.02858]}}, {"type": "Feature", "properties": {"substation": "ΙΩΑΝΝΙΝΑ II", "deddie_icons": ["Green"], "min_margin_mva": 3.7, "prefecture": "Περιφερειακή Ενότητα Ιωαννίνων", "feeding_kyt": null, "kyt_distance_km": null, "topology_status": "unreachable", "admie_zone": "Ήπειρος (τμήμα)", "admie_confidence": "low", "admie_decision": "not confirmed", "hidden_red": true, "slope_mean_deg": 5.6, "gentle_frac": 0.81, "terrain": "gentle"}, "geometry": {"type": "Point", "coordinates": [20.8447023797165, 39.6067145666096]}}, {"type": "Feature", "properties": {"substation": "ΚΑΛΑΜΑΤΑ I", "deddie_icons": ["Green"], "min_margin_mva": 12.6, "prefecture": "Περιφερειακή Ενότητα Μεσσηνίας", "feeding_kyt": "(sub 249414224)", "kyt_distance_km": 53.5, "topology_status": "assigned", "admie_zone": null, "admie_confidence": null, "admie_decision": null, "hidden_red": false, "slope_mean_deg": 4.7, "gentle_frac": 0.86, "terrain": "gentle"}, "geometry": {"type": "Point", "coordinates": [22.0642936257657, 37.0629934099063]}}, {"type": "Feature", "properties": {"substation": "ΚΑΛΑΜΟΥ", "deddie_icons": ["Green"], "min_margin_mva": 4.9, "prefecture": "Περιφερειακή Ενότητα Ανατολικής Αττικής", "feeding_kyt": "ΚΥΤ ΑΓΙΟΥ ΣΤΕΦΑΝΟΥ", "kyt_distance_km": 20.4, "topology_status": "assigned", "admie_zone": null, "admie_confidence": null, "admie_decision": null, "hidden_red": false, "slope_mean_deg": 4.0, "gentle_frac": 0.82, "terrain": "gentle"}, "geometry": {"type": "Point", "coordinates": [23.8692306598852, 38.3067465396868]}}, {"type": "Feature", "properties": {"substation": "ΚΑΡΔΙΤΣΑΣ", "deddie_icons": ["Red"], "min_margin_mva": 0.0, "prefecture": "Περιφερειακή Ενότητα Καρδίτσας", "feeding_kyt": "ΚΥΤ ΛΑΡΙΣΑΣ", "kyt_distance_km": 153.3, "topology_status": "assigned", "admie_zone": "Θεσσαλία", "admie_confidence": "medium", "admie_decision": "not confirmed (Art.14 framework)", "hidden_red": false, "slope_mean_deg": 1.1, "gentle_frac": 0.99, "terrain": "gentle"}, "geometry": {"type": "Point", "coordinates": [21.9121732802198, 39.3170381620535]}}, {"type": "Feature", "properties": {"substation": "ΚΑΣΤΕΛΛΙΟΥ", "deddie_icons": ["Red"], "min_margin_mva": 0.0, "prefecture": "Περιφερειακή Ενότητα Χανίων", "feeding_kyt": "ΚΥΤ Αθικίων", "kyt_distance_km": 366.0, "topology_status": "assigned", "admie_zone": null, "admie_confidence": null, "admie_decision": null, "hidden_red": false, "slope_mean_deg": 5.9, "gentle_frac": 0.77, "terrain": "gentle"}, "geometry": {"type": "Point", "coordinates": [23.69723, 35.49143]}}, {"type": "Feature", "properties": {"substation": "ΚΕΡΚΥΡΑ I", "deddie_icons": ["Green"], "min_margin_mva": 43.1, "prefecture": "Περιφερειακή Ενότητα Κέρκυρας", "feeding_kyt": null, "kyt_distance_km": null, "topology_status": "unreachable", "admie_zone": null, "admie_confidence": null, "admie_decision": null, "hidden_red": false, "slope_mean_deg": 4.6, "gentle_frac": 0.89, "terrain": "gentle"}, "geometry": {"type": "Point", "coordinates": [19.8970511306994, 39.615937581549]}}, {"type": "Feature", "properties": {"substation": "ΚΡΑΝΙΔΙΟΥ", "deddie_icons": ["Green"], "min_margin_mva": 32.5, "prefecture": "Περιφερειακή Ενότητα Αργολίδος", "feeding_kyt": "ΚΥΤ Αθικίων", "kyt_distance_km": 81.1, "topology_status": "assigned", "admie_zone": "Πελοπόννησος (κατάντη ΚΥΤ Κουμουνδούρου)", "admie_confidence": "high", "admie_decision": "ΡΑΕ 663/2019 (περιθώρια)· αρχικός χαρακτηρισμός ΡΑΕ 699/2012· επανεξέταση ΡΑΕ 231/2022", "hidden_red": true, "slope_mean_deg": 12.1, "gentle_frac": 0.48, "terrain": "mixed"}, "geometry": {"type": "Point", "coordinates": [23.1785992737797, 37.3894602575627]}}, {"type": "Feature", "properties": {"substation": "ΚΥΤ ΑΜΥΝΤΑΙΟΥ", "deddie_icons": ["Red"], "min_margin_mva": 0.0, "prefecture": "Περιφερειακή Ενότητα Φλώρινας", "feeding_kyt": "Κέντρο Υπερυψηλής Τάσης (ΚΥΤ) Μελίτη", "kyt_distance_km": 27.2, "topology_status": "assigned", "admie_zone": "Δυτική Μακεδονία", "admie_confidence": "medium", "admie_decision": "not confirmed (Art.14 framework)", "hidden_red": false, "slope_mean_deg": 3.3, "gentle_frac": 0.94, "terrain": "gentle"}, "geometry": {"type": "Point", "coordinates": [21.6800400329884, 40.6239960831974]}}, {"type": "Feature", "properties": {"substation": "ΚΥΤ ΛΑΡΥΜΝΑΣ", "deddie_icons": ["Red"], "min_margin_mva": 0.0, "prefecture": "Περιφερειακή Ενότητα Βοιωτίας", "feeding_kyt": "ΚΥΤ ΛΑΡΙΜΝΑΣ", "kyt_distance_km": 0.0, "topology_status": "assigned", "admie_zone": "Στερεά Ελλάδα", "admie_confidence": "medium", "admie_decision": "not confirmed (Art.14 framework)", "hidden_red": false, "slope_mean_deg": 6.9, "gentle_frac": 0.7, "terrain": "gentle"}, "geometry": {"type": "Point", "coordinates": [23.1673171094688, 38.5256078343028]}}, {"type": "Feature", "properties": {"substation": "ΚΥΤ ΤΡΙΚΑΛΩΝ", "deddie_icons": ["Green", "Red"], "min_margin_mva": 0.0, "prefecture": "Περιφερειακή Ενότητα Τρικάλων", "feeding_kyt": "Κέντρο Υπερυψηλής Τάσης Τρικάλων", "kyt_distance_km": 0.1, "topology_status": "assigned", "admie_zone": "Θεσσαλία", "admie_confidence": "medium", "admie_decision": "not confirmed (Art.14 framework)", "hidden_red": false, "slope_mean_deg": 0.5, "gentle_frac": 1.0, "terrain": "gentle"}, "geometry": {"type": "Point", "coordinates": [21.8825819829856, 39.5579973350432]}}, {"type": "Feature", "properties": {"substation": "ΛΑΔΩΝΑ", "deddie_icons": ["Green"], "min_margin_mva": 12.0, "prefecture": "Περιφερειακή Ενότητα Αρκαδίας", "feeding_kyt": "(sub 249414224)", "kyt_distance_km": 54.2, "topology_status": "assigned", "admie_zone": null, "admie_confidence": null, "admie_decision": null, "hidden_red": false, "slope_mean_deg": 22.3, "gentle_frac": 0.13, "terrain": "steep"}, "geometry": {"type": "Point", "coordinates": [21.8845582251596, 37.750662384782]}}, {"type": "Feature", "properties": {"substation": "ΛΑΡΙΣΑ I", "deddie_icons": ["Green"], "min_margin_mva": 34.7, "prefecture": "Περιφερειακή Ενότητα Λάρισας", "feeding_kyt": "ΚΥΤ ΛΑΡΙΣΑΣ", "kyt_distance_km": 17.2, "topology_status": "assigned", "admie_zone": "Θεσσαλία", "admie_confidence": "medium", "admie_decision": "not confirmed (Art.14 framework)", "hidden_red": true, "slope_mean_deg": 2.6, "gentle_frac": 0.98, "terrain": "gentle"}, "geometry": {"type": "Point", "coordinates": [22.392666039009, 39.6277214063427]}}, {"type": "Feature", "properties": {"substation": "ΛΑΡΙΣΑ II", "deddie_icons": ["Green", "Red"], "min_margin_mva": 0.0, "prefecture": "Περιφερειακή Ενότητα Λάρισας", "feeding_kyt": "ΚΥΤ ΛΑΡΙΣΑΣ", "kyt_distance_km": 24.7, "topology_status": "assigned", "admie_zone": "Θεσσαλία", "admie_confidence": "medium", "admie_decision": "not confirmed (Art.14 framework)", "hidden_red": false, "slope_mean_deg": 1.5, "gentle_frac": 0.99, "terrain": "gentle"}, "geometry": {"type": "Point", "coordinates": [22.4458285382797, 39.6647965665391]}}, {"type": "Feature", "properties": {"substation": "ΛΑΡΙΣΑ III", "deddie_icons": ["Orange", "Red"], "min_margin_mva": 0.0, "prefecture": "Περιφερειακή Ενότητα Λάρισας", "feeding_kyt": "ΚΥΤ ΛΑΡΙΣΑΣ", "kyt_distance_km": 20.3, "topology_status": "assigned", "admie_zone": "Θεσσαλία", "admie_confidence": "medium", "admie_decision": "not confirmed (Art.14 framework)", "hidden_red": false, "slope_mean_deg": 1.7, "gentle_frac": 0.98, "terrain": "gentle"}, "geometry": {"type": "Point", "coordinates": [22.364850510827, 39.648592200328]}}, {"type": "Feature", "properties": {"substation": "ΛΑΥΡΙΟΥ", "deddie_icons": ["Green", "Red"], "min_margin_mva": 0.0, "prefecture": "Περιφερειακή Ενότητα Ανατολικής Αττικής", "feeding_kyt": "(sub 85705637)", "kyt_distance_km": 0.1, "topology_status": "assigned", "admie_zone": null, "admie_confidence": null, "admie_decision": null, "hidden_red": false, "slope_mean_deg": 7.0, "gentle_frac": 0.68, "terrain": "gentle"}, "geometry": {"type": "Point", "coordinates": [24.0668406712107, 37.7475355757866]}}, {"type": "Feature", "properties": {"substation": "ΛΕΟΝΤΑΡΙΟΥ", "deddie_icons": ["Red"], "min_margin_mva": 0.0, "prefecture": "Περιφερειακή Ενότητα Καρδίτσας", "feeding_kyt": "ΚΥΤ ΛΑΡΙΣΑΣ", "kyt_distance_km": 126.6, "topology_status": "assigned", "admie_zone": "Θεσσαλία", "admie_confidence": "medium", "admie_decision": "not confirmed (Art.14 framework)", "hidden_red": false, "slope_mean_deg": 7.7, "gentle_frac": 0.64, "terrain": "gentle"}, "geometry": {"type": "Point", "coordinates": [22.1594817906235, 39.176492173185]}}, {"type": "Feature", "properties": {"substation": "ΜΑΡΩΝΙΑΣ", "deddie_icons": ["Green"], "min_margin_mva": 15.9, "prefecture": "Περιφερειακή Ενότητα Λασιθίου", "feeding_kyt": "ΚΥΤ Αθικίων", "kyt_distance_km": 560.5, "topology_status": "assigned", "admie_zone": null, "admie_confidence": null, "admie_decision": null, "hidden_red": false, "slope_mean_deg": 12.5, "gentle_frac": 0.44, "terrain": "mixed"}, "geometry": {"type": "Point", "coordinates": [26.07581, 35.1484]}}, {"type": "Feature", "properties": {"substation": "ΜΕΣΟΓΓΗΣ", "deddie_icons": ["Green"], "min_margin_mva": 35.6, "prefecture": "Περιφερειακή Ενότητα Κέρκυρας", "feeding_kyt": null, "kyt_distance_km": null, "topology_status": "unreachable", "admie_zone": null, "admie_confidence": null, "admie_decision": null, "hidden_red": false, "slope_mean_deg": 6.5, "gentle_frac": 0.77, "terrain": "gentle"}, "geometry": {"type": "Point", "coordinates": [19.9081851782377, 39.4746150526711]}}, {"type": "Feature", "properties": {"substation": "ΝΑΟΥΣΑΣ", "deddie_icons": ["Red"], "min_margin_mva": 0.0, "prefecture": "Περιφερειακή Ενότητα Ημαθίας", "feeding_kyt": "Κέντρο Υπερυψηλής Τάσης Θεσσαλονίκης (ΚΥΤ)", "kyt_distance_km": 86.6, "topology_status": "assigned", "admie_zone": null, "admie_confidence": null, "admie_decision": null, "hidden_red": false, "slope_mean_deg": 3.3, "gentle_frac": 0.95, "terrain": "gentle"}, "geometry": {"type": "Point", "coordinates": [22.1246620295475, 40.6195804304075]}}, {"type": "Feature", "properties": {"substation": "ΝΕΑΣ ΣΜΥΡΝΗΣ (150/20)", "deddie_icons": ["Green"], "min_margin_mva": 98.8, "prefecture": "Περιφερειακή Ενότητα Νοτίου Τομέα Αθηνών", "feeding_kyt": null, "kyt_distance_km": null, "topology_status": "no_snap", "admie_zone": null, "admie_confidence": null, "admie_decision": null, "hidden_red": false, "slope_mean_deg": 5.8, "gentle_frac": 0.89, "terrain": "gentle"}, "geometry": {"type": "Point", "coordinates": [23.7230314834142, 37.9373854814408]}}, {"type": "Feature", "properties": {"substation": "ΝΕΥΡΟΚΟΠΙΟΥ", "deddie_icons": ["Green"], "min_margin_mva": 4.3, "prefecture": "Περιφερειακή Ενότητα Δράμας", "feeding_kyt": "Κέντρο Υπερυψηλής Τάσης (ΚΥΤ) Φιλίππων", "kyt_distance_km": 52.6, "topology_status": "assigned", "admie_zone": null, "admie_confidence": null, "admie_decision": null, "hidden_red": false, "slope_mean_deg": 6.5, "gentle_frac": 0.8, "terrain": "gentle"}, "geometry": {"type": "Point", "coordinates": [23.8694073730722, 41.3180721831193]}}, {"type": "Feature", "properties": {"substation": "ΝΙΚΗΤΗΣ", "deddie_icons": ["Green"], "min_margin_mva": 17.6, "prefecture": "Περιφερειακή Ενότητα Χαλκιδικής", "feeding_kyt": "Κέντρο Υπερυψηλής Τάσης (ΚΥΤ) Φιλίππων", "kyt_distance_km": 139.4, "topology_status": "assigned", "admie_zone": null, "admie_confidence": null, "admie_decision": null, "hidden_red": false, "slope_mean_deg": 10.0, "gentle_frac": 0.56, "terrain": "mixed"}, "geometry": {"type": "Point", "coordinates": [23.6971829178388, 40.2246472764621]}}, {"type": "Feature", "properties": {"substation": "ΞΑΝΘΗΣ", "deddie_icons": ["Red"], "min_margin_mva": 0.0, "prefecture": "Περιφερειακή Ενότητα Ξάνθης", "feeding_kyt": "Κέντρο Υπερυψηλής Τάσης (ΚΥΤ) Νέας Σάντας", "kyt_distance_km": 83.6, "topology_status": "assigned", "admie_zone": "Θράκη", "admie_confidence": "medium", "admie_decision": "not confirmed as a single citable transmission decision; Art.14 annual framework", "hidden_red": false, "slope_mean_deg": 2.9, "gentle_frac": 0.98, "terrain": "gentle"}, "geometry": {"type": "Point", "coordinates": [24.8749742245636, 41.1170950588247]}}, {"type": "Feature", "properties": {"substation": "ΟΙΝΟΦΥΤΩΝ", "deddie_icons": ["Green", "Red"], "min_margin_mva": 0.0, "prefecture": "Περιφερειακή Ενότητα Βοιωτίας", "feeding_kyt": "ΚΥΤ ΑΓΙΟΥ ΣΤΕΦΑΝΟΥ", "kyt_distance_km": 27.4, "topology_status": "assigned", "admie_zone": "Στερεά Ελλάδα", "admie_confidence": "medium", "admie_decision": "not confirmed (Art.14 framework)", "hidden_red": false, "slope_mean_deg": 4.5, "gentle_frac": 0.94, "terrain": "gentle"}, "geometry": {"type": "Point", "coordinates": [23.6526210429117, 38.3021184786764]}}, {"type": "Feature", "properties": {"substation": "ΠΑΓΚΡΑΤΙΟΥ (150/20)", "deddie_icons": ["Green"], "min_margin_mva": 34.9, "prefecture": "Περιφερειακή Ενότητα Κεντρικού Τομέα Αθηνών", "feeding_kyt": null, "kyt_distance_km": null, "topology_status": "no_snap", "admie_zone": null, "admie_confidence": null, "admie_decision": null, "hidden_red": false, "slope_mean_deg": 6.9, "gentle_frac": 0.8, "terrain": "gentle"}, "geometry": {"type": "Point", "coordinates": [23.7532246418395, 37.9626114834623]}}, {"type": "Feature", "properties": {"substation": "ΠΑΤΡΑ III", "deddie_icons": ["Green"], "min_margin_mva": 41.3, "prefecture": "Περιφερειακή Ενότητα Αχαΐας", "feeding_kyt": "Κέντρο Υπερυψηλής Τάσης Αχελώου", "kyt_distance_km": 72.3, "topology_status": "assigned", "admie_zone": null, "admie_confidence": null, "admie_decision": null, "hidden_red": false, "slope_mean_deg": 8.7, "gentle_frac": 0.67, "terrain": "gentle"}, "geometry": {"type": "Point", "coordinates": [21.7506326637096, 38.2554489140349]}}, {"type": "Feature", "properties": {"substation": "ΠΤΟΛΕΜΑΪΔΑ IΙ (Εορδαία)", "deddie_icons": ["Green"], "min_margin_mva": 15.3, "prefecture": "Περιφερειακή Ενότητα Κοζάνης", "feeding_kyt": "ΚΥΤ Καρδιάς", "kyt_distance_km": 21.6, "topology_status": "assigned", "admie_zone": "Δυτική Μακεδονία", "admie_confidence": "medium", "admie_decision": "not confirmed (Art.14 framework)", "hidden_red": true, "slope_mean_deg": 4.8, "gentle_frac": 0.84, "terrain": "gentle"}, "geometry": {"type": "Point", "coordinates": [21.6208195792178, 40.5112470017316]}}, {"type": "Feature", "properties": {"substation": "ΠΥΛΟΥ", "deddie_icons": ["Green"], "min_margin_mva": 30.2, "prefecture": "Περιφερειακή Ενότητα Μεσσηνίας", "feeding_kyt": "(sub 249414224)", "kyt_distance_km": 85.3, "topology_status": "assigned", "admie_zone": null, "admie_confidence": null, "admie_decision": null, "hidden_red": false, "slope_mean_deg": 8.5, "gentle_frac": 0.66, "terrain": "gentle"}, "geometry": {"type": "Point", "coordinates": [21.7579289240809, 36.9521105666173]}}, {"type": "Feature", "properties": {"substation": "ΡΕΘΥΜΝΟΥ", "deddie_icons": ["Green"], "min_margin_mva": 34.7, "prefecture": "Περιφερειακή Ενότητα Ρεθύμνης", "feeding_kyt": "ΚΥΤ Αθικίων", "kyt_distance_km": 385.9, "topology_status": "assigned", "admie_zone": null, "admie_confidence": null, "admie_decision": null, "hidden_red": false, "slope_mean_deg": 8.4, "gentle_frac": 0.68, "terrain": "gentle"}, "geometry": {"type": "Point", "coordinates": [24.54712, 35.36093]}}, {"type": "Feature", "properties": {"substation": "ΡΟΥΦ (150/20)", "deddie_icons": ["Green"], "min_margin_mva": 21.6, "prefecture": "Περιφερειακή Ενότητα Δυτικού Τομέα Αθηνών", "feeding_kyt": "ΚΥΤ ΚΟΥΜΟΥΝΔΟΥΡΟΥ", "kyt_distance_km": 8.9, "topology_status": "assigned", "admie_zone": null, "admie_confidence": null, "admie_decision": null, "hidden_red": false, "slope_mean_deg": 3.0, "gentle_frac": 0.99, "terrain": "gentle"}, "geometry": {"type": "Point", "coordinates": [23.685922205301, 37.9795255929714]}}, {"type": "Feature", "properties": {"substation": "ΣΕΡΡΩΝ", "deddie_icons": ["Green"], "min_margin_mva": 19.9, "prefecture": "Περιφερειακή Ενότητα Σερρών", "feeding_kyt": "Κέντρο Υψηλής Τάσης Λαγκαδά", "kyt_distance_km": 63.2, "topology_status": "assigned", "admie_zone": null, "admie_confidence": null, "admie_decision": null, "hidden_red": false, "slope_mean_deg": 0.9, "gentle_frac": 1.0, "terrain": "gentle"}, "geometry": {"type": "Point", "coordinates": [23.5381256138364, 41.0578870925004]}}, {"type": "Feature", "properties": {"substation": "ΣΗΤΕΙΑΣ", "deddie_icons": ["Green", "Red"], "min_margin_mva": 0.0, "prefecture": "Περιφερειακή Ενότητα Λασιθίου", "feeding_kyt": "ΚΥΤ Αθικίων", "kyt_distance_km": 566.5, "topology_status": "assigned", "admie_zone": null, "admie_confidence": null, "admie_decision": null, "hidden_red": false, "slope_mean_deg": 6.5, "gentle_frac": 0.76, "terrain": "gentle"}, "geometry": {"type": "Point", "coordinates": [26.1041, 35.19685]}}, {"type": "Feature", "properties": {"substation": "ΣΤΑΓΕΙΡΩΝ", "deddie_icons": ["Green"], "min_margin_mva": 4.0, "prefecture": "Περιφερειακή Ενότητα Χαλκιδικής", "feeding_kyt": "Κέντρο Υπερυψηλής Τάσης (ΚΥΤ) Φιλίππων", "kyt_distance_km": 99.9, "topology_status": "assigned", "admie_zone": null, "admie_confidence": null, "admie_decision": null, "hidden_red": false, "slope_mean_deg": 12.4, "gentle_frac": 0.47, "terrain": "mixed"}, "geometry": {"type": "Point", "coordinates": [23.734661028188, 40.5221264379537]}}, {"type": "Feature", "properties": {"substation": "ΣΤΕΦΑΝΟΒΙΚΕΙΟΥ", "deddie_icons": ["Red"], "min_margin_mva": 0.0, "prefecture": "Περιφερειακή Ενότητα Λάρισας", "feeding_kyt": "ΚΥΤ ΛΑΡΙΣΑΣ", "kyt_distance_km": 19.5, "topology_status": "assigned", "admie_zone": "Θεσσαλία", "admie_confidence": "medium", "admie_decision": "not confirmed (Art.14 framework)", "hidden_red": false, "slope_mean_deg": 1.7, "gentle_frac": 1.0, "terrain": "gentle"}, "geometry": {"type": "Point", "coordinates": [22.7016560320028, 39.4435611031233]}}, {"type": "Feature", "properties": {"substation": "ΤΡΙΧΩΝΙΔΑΣ", "deddie_icons": ["Green", "Orange"], "min_margin_mva": 1.0, "prefecture": "Περιφερειακή Ενότητα Αιτωλοακαρνανίας", "feeding_kyt": "Κέντρο Υπερυψηλής Τάσης Αχελώου", "kyt_distance_km": 31.7, "topology_status": "assigned", "admie_zone": "Δυτική Ελλάδα (τμήμα)", "admie_confidence": "low", "admie_decision": "not confirmed", "hidden_red": false, "slope_mean_deg": 8.0, "gentle_frac": 0.72, "terrain": "gentle"}, "geometry": {"type": "Point", "coordinates": [21.4355300063446, 38.5328658696864]}}, {"type": "Feature", "properties": {"substation": "ΦΑΛΗΡΟΥ", "deddie_icons": ["Green"], "min_margin_mva": 35.5, "prefecture": "Περιφερειακή Ενότητα Νοτίου Τομέα Αθηνών", "feeding_kyt": null, "kyt_distance_km": null, "topology_status": "no_snap", "admie_zone": null, "admie_confidence": null, "admie_decision": null, "hidden_red": false, "slope_mean_deg": 4.6, "gentle_frac": 0.92, "terrain": "gentle"}, "geometry": {"type": "Point", "coordinates": [23.6946664042483, 37.9380854250627]}}, {"type": "Feature", "properties": {"substation": "ΑΙΓΙΟΥ", "deddie_icons": ["Green"], "min_margin_mva": 24.3, "prefecture": "Περιφερειακή Ενότητα Αχαΐας", "feeding_kyt": "ΚΥΤ Αθικίων", "kyt_distance_km": 96.1, "topology_status": "assigned", "admie_zone": null, "admie_confidence": null, "admie_decision": null, "hidden_red": false, "slope_mean_deg": 3.0, "gentle_frac": 0.96, "terrain": "gentle"}, "geometry": {"type": "Point", "coordinates": [22.0933875374642, 38.2400830296723]}}, {"type": "Feature", "properties": {"substation": "ΑΜΑΛΙΑΔΑΣ", "deddie_icons": ["Green"], "min_margin_mva": 17.6, "prefecture": "Περιφερειακή Ενότητα Ηλείας", "feeding_kyt": "(sub 249414224)", "kyt_distance_km": 85.0, "topology_status": "assigned", "admie_zone": null, "admie_confidence": null, "admie_decision": null, "hidden_red": false, "slope_mean_deg": 1.2, "gentle_frac": 1.0, "terrain": "gentle"}, "geometry": {"type": "Point", "coordinates": [21.3155428383672, 37.8069897756755]}}, {"type": "Feature", "properties": {"substation": "ΑΜΠΕΛΟΚΗΠΩΝ", "deddie_icons": ["Green"], "min_margin_mva": 15.5, "prefecture": "Περιφερειακή Ενότητα Κεντρικού Τομέα Αθηνών", "feeding_kyt": null, "kyt_distance_km": null, "topology_status": "no_snap", "admie_zone": null, "admie_confidence": null, "admie_decision": null, "hidden_red": false, "slope_mean_deg": 8.3, "gentle_frac": 0.68, "terrain": "gentle"}, "geometry": {"type": "Point", "coordinates": [23.757242, 37.98526]}}, {"type": "Feature", "properties": {"substation": "ΑΡΑΧΘΟΥ", "deddie_icons": ["Red"], "min_margin_mva": 0.0, "prefecture": "Περιφερειακή Ενότητα Άρτας", "feeding_kyt": "Κέντρο Υπερυψηλής Τάσης Αράχθου", "kyt_distance_km": 0.1, "topology_status": "assigned", "admie_zone": null, "admie_confidence": null, "admie_decision": null, "hidden_red": false, "slope_mean_deg": 7.4, "gentle_frac": 0.73, "terrain": "gentle"}, "geometry": {"type": "Point", "coordinates": [20.9654177097175, 39.1838725543936]}}, {"type": "Feature", "properties": {"substation": "ΑΡΓΟΣΤΟΛΙΟΥ", "deddie_icons": ["Green"], "min_margin_mva": 22.2, "prefecture": "Περιφερειακή Ενότητα Κεφαλληνίας", "feeding_kyt": "Κέντρο Υπερυψηλής Τάσης Αχελώου", "kyt_distance_km": 165.5, "topology_status": "assigned", "admie_zone": null, "admie_confidence": null, "admie_decision": null, "hidden_red": false, "slope_mean_deg": 10.7, "gentle_frac": 0.55, "terrain": "mixed"}, "geometry": {"type": "Point", "coordinates": [20.5008828055843, 38.1946731569317]}}, {"type": "Feature", "properties": {"substation": "ΑΡΓΥΡΟΥΠΟΛΗΣ", "deddie_icons": ["Green"], "min_margin_mva": 22.3, "prefecture": "Περιφερειακή Ενότητα Κεντρικού Τομέα Αθηνών", "feeding_kyt": null, "kyt_distance_km": null, "topology_status": "no_snap", "admie_zone": null, "admie_confidence": null, "admie_decision": null, "hidden_red": false, "slope_mean_deg": 11.6, "gentle_frac": 0.58, "terrain": "mixed"}, "geometry": {"type": "Point", "coordinates": [23.7586719691961, 37.9183214389134]}}, {"type": "Feature", "properties": {"substation": "ΑΧΑΡΝΩΝ", "deddie_icons": ["Green"], "min_margin_mva": 8.3, "prefecture": "Περιφερειακή Ενότητα Ανατολικής Αττικής", "feeding_kyt": "ΚΥΤ ΑΧΑΡΝΩΝ", "kyt_distance_km": 0.1, "topology_status": "assigned", "admie_zone": null, "admie_confidence": null, "admie_decision": null, "hidden_red": false, "slope_mean_deg": 3.4, "gentle_frac": 0.99, "terrain": "gentle"}, "geometry": {"type": "Point", "coordinates": [23.7345497427217, 38.1010179498261]}}, {"type": "Feature", "properties": {"substation": "ΒΑΡΗΣ", "deddie_icons": ["Green"], "min_margin_mva": 28.2, "prefecture": "Περιφερειακή Ενότητα Ανατολικής Αττικής", "feeding_kyt": "ΚΥΤ ΠΑΛΛΗΝΗΣ", "kyt_distance_km": 18.5, "topology_status": "assigned", "admie_zone": null, "admie_confidence": null, "admie_decision": null, "hidden_red": false, "slope_mean_deg": 10.4, "gentle_frac": 0.53, "terrain": "mixed"}, "geometry": {"type": "Point", "coordinates": [23.7971638448578, 37.8442917951601]}}, {"type": "Feature", "properties": {"substation": "ΒΕΡΟΙΑΣ", "deddie_icons": ["Red"], "min_margin_mva": 0.0, "prefecture": "Περιφερειακή Ενότητα Ημαθίας", "feeding_kyt": "Κέντρο Υπερυψηλής Τάσης Θεσσαλονίκης (ΚΥΤ)", "kyt_distance_km": 70.0, "topology_status": "assigned", "admie_zone": null, "admie_confidence": null, "admie_decision": null, "hidden_red": false, "slope_mean_deg": 7.3, "gentle_frac": 0.71, "terrain": "gentle"}, "geometry": {"type": "Point", "coordinates": [22.2096666488004, 40.4960533397373]}}, {"type": "Feature", "properties": {"substation": "ΒΟΛΟΣ II", "deddie_icons": ["Green"], "min_margin_mva": 29.2, "prefecture": "Περιφερειακή Ενότητα Μαγνησίας", "feeding_kyt": "ΚΥΤ ΛΑΡΙΣΑΣ", "kyt_distance_km": 47.7, "topology_status": "assigned", "admie_zone": null, "admie_confidence": null, "admie_decision": null, "hidden_red": false, "slope_mean_deg": 5.6, "gentle_frac": 0.87, "terrain": "gentle"}, "geometry": {"type": "Point", "coordinates": [22.9666615519422, 39.3700296506557]}}, {"type": "Feature", "properties": {"substation": "ΓΕΦΥΡΑ", "deddie_icons": ["Orange", "Red"], "min_margin_mva": 0.0, "prefecture": "Μητροπολιτική Ενότητα Θεσσαλονίκης", "feeding_kyt": "Κέντρο Υπερυψηλής Τάσης Θεσσαλονίκης (ΚΥΤ)", "kyt_distance_km": 21.1, "topology_status": "assigned", "admie_zone": null, "admie_confidence": null, "admie_decision": null, "hidden_red": false, "slope_mean_deg": 2.4, "gentle_frac": 0.99, "terrain": "gentle"}, "geometry": {"type": "Point", "coordinates": [22.7050504728175, 40.7341770224672]}}, {"type": "Feature", "properties": {"substation": "ΕΛΛΗΝΙΚΟΥ", "deddie_icons": ["Green"], "min_margin_mva": 26.2, "prefecture": "Περιφερειακή Ενότητα Νοτίου Τομέα Αθηνών", "feeding_kyt": "ΚΥΤ ΠΑΛΛΗΝΗΣ", "kyt_distance_km": 26.8, "topology_status": "assigned", "admie_zone": null, "admie_confidence": null, "admie_decision": null, "hidden_red": false, "slope_mean_deg": 1.8, "gentle_frac": 0.99, "terrain": "gentle"}, "geometry": {"type": "Point", "coordinates": [23.7333921870911, 37.8765456616463]}}, {"type": "Feature", "properties": {"substation": "ΖΑΚΥΝΘΟΥ", "deddie_icons": ["Green"], "min_margin_mva": 34.0, "prefecture": "Περιφερειακή Ενότητα Ζακύνθου", "feeding_kyt": "(sub 249414224)", "kyt_distance_km": 132.4, "topology_status": "assigned", "admie_zone": null, "admie_confidence": null, "admie_decision": null, "hidden_red": false, "slope_mean_deg": 4.8, "gentle_frac": 0.81, "terrain": "gentle"}, "geometry": {"type": "Point", "coordinates": [20.9074490614737, 37.7707891445063]}}, {"type": "Feature", "properties": {"substation": "Θ - II (Εύοσμος)", "deddie_icons": ["Green"], "min_margin_mva": 15.1, "prefecture": "Μητροπολιτική Ενότητα Θεσσαλονίκης", "feeding_kyt": "Κέντρο Υπερυψηλής Τάσης Θεσσαλονίκης (ΚΥΤ)", "kyt_distance_km": 3.4, "topology_status": "assigned", "admie_zone": null, "admie_confidence": null, "admie_decision": null, "hidden_red": false, "slope_mean_deg": 4.1, "gentle_frac": 0.96, "terrain": "gentle"}, "geometry": {"type": "Point", "coordinates": [22.9013570576162, 40.6722407945393]}}, {"type": "Feature", "properties": {"substation": "Θ - III (Αγ. Δημήτριος)", "deddie_icons": ["Green", "Orange"], "min_margin_mva": 1.0, "prefecture": "Μητροπολιτική Ενότητα Θεσσαλονίκης", "feeding_kyt": "Κέντρο Υπερυψηλής Τάσης Θεσσαλονίκης (ΚΥΤ)", "kyt_distance_km": 6.6, "topology_status": "assigned", "admie_zone": null, "admie_confidence": null, "admie_decision": null, "hidden_red": false, "slope_mean_deg": 6.7, "gentle_frac": 0.77, "terrain": "gentle"}, "geometry": {"type": "Point", "coordinates": [22.9412798970089, 40.6419830041247]}}, {"type": "Feature", "properties": {"substation": "Θ - V (ΒΙΠΕ-Σίνδος)", "deddie_icons": ["Green", "Red"], "min_margin_mva": 0.0, "prefecture": "Μητροπολιτική Ενότητα Θεσσαλονίκης", "feeding_kyt": "Κέντρο Υπερυψηλής Τάσης Θεσσαλονίκης (ΚΥΤ)", "kyt_distance_km": 11.5, "topology_status": "assigned", "admie_zone": null, "admie_confidence": null, "admie_decision": null, "hidden_red": false, "slope_mean_deg": 2.6, "gentle_frac": 0.99, "terrain": "gentle"}, "geometry": {"type": "Point", "coordinates": [22.8214112934942, 40.6966835115609]}}, {"type": "Feature", "properties": {"substation": "Θ - VIII (Μ. Μπότσαρης)", "deddie_icons": ["Green"], "min_margin_mva": 49.8, "prefecture": "Μητροπολιτική Ενότητα Θεσσαλονίκης", "feeding_kyt": "Κέντρο Υπερυψηλής Τάσης Θεσσαλονίκης (ΚΥΤ)", "kyt_distance_km": 20.3, "topology_status": "assigned", "admie_zone": null, "admie_confidence": null, "admie_decision": null, "hidden_red": false, "slope_mean_deg": 6.1, "gentle_frac": 0.86, "terrain": "gentle"}, "geometry": {"type": "Point", "coordinates": [22.9655407725936, 40.6075487404778]}}, {"type": "Feature", "properties": {"substation": "ΚΑΒΑΛΑΣ", "deddie_icons": ["Green"], "min_margin_mva": 3.0, "prefecture": "Περιφερειακή Ενότητα Καβάλας", "feeding_kyt": null, "kyt_distance_km": null, "topology_status": "unreachable", "admie_zone": null, "admie_confidence": null, "admie_decision": null, "hidden_red": false, "slope_mean_deg": 9.1, "gentle_frac": 0.57, "terrain": "mixed"}, "geometry": {"type": "Point", "coordinates": [24.4233390383027, 40.9468127580413]}}, {"type": "Feature", "properties": {"substation": "ΚΑΛΛΙΣΤΗΡΙΟΥ", "deddie_icons": ["Orange"], "min_margin_mva": 0.2, "prefecture": "Περιφερειακή Ενότητα Δυτικής Αττικής", "feeding_kyt": "ΚΥΤ ΚΟΥΜΟΥΝΔΟΥΡΟΥ", "kyt_distance_km": 7.5, "topology_status": "assigned", "admie_zone": null, "admie_confidence": null, "admie_decision": null, "hidden_red": false, "slope_mean_deg": 6.6, "gentle_frac": 0.75, "terrain": "gentle"}, "geometry": {"type": "Point", "coordinates": [23.6424439411853, 38.0650084324035]}}, {"type": "Feature", "properties": {"substation": "ΚΕΡΑΜΩΤΗΣ", "deddie_icons": ["Orange", "Red"], "min_margin_mva": 0.0, "prefecture": "Περιφερειακή Ενότητα Καβάλας", "feeding_kyt": "Κέντρο Υπερυψηλής Τάσης (ΚΥΤ) Νέας Σάντας", "kyt_distance_km": 124.1, "topology_status": "assigned", "admie_zone": null, "admie_confidence": null, "admie_decision": null, "hidden_red": false, "slope_mean_deg": 0.7, "gentle_frac": 1.0, "terrain": "gentle"}, "geometry": {"type": "Point", "coordinates": [24.7006567094481, 40.9018056603527]}}, {"type": "Feature", "properties": {"substation": "ΚΕΡΚΥΡΑ II", "deddie_icons": ["Green"], "min_margin_mva": 49.8, "prefecture": "Περιφερειακή Ενότητα Κέρκυρας", "feeding_kyt": null, "kyt_distance_km": null, "topology_status": "unreachable", "admie_zone": null, "admie_confidence": null, "admie_decision": null, "hidden_red": false, "slope_mean_deg": 4.6, "gentle_frac": 0.89, "terrain": "gentle"}, "geometry": {"type": "Point", "coordinates": [19.8944386118645, 39.6183573181112]}}, {"type": "Feature", "properties": {"substation": "ΚΟΜΟΤΗΝΗ ΒΙΠΕ (ΘΗΣ)", "deddie_icons": ["Green", "Red"], "min_margin_mva": 0.0, "prefecture": "Περιφερειακή Ενότητα Ροδόπης", "feeding_kyt": "Κέντρο Υπερυψηλής Τάσης (ΚΥΤ) Νέας Σάντας", "kyt_distance_km": 80.8, "topology_status": "assigned", "admie_zone": "Θράκη", "admie_confidence": "medium", "admie_decision": "not confirmed as a single citable transmission decision; Art.14 annual framework", "hidden_red": false, "slope_mean_deg": 2.0, "gentle_frac": 1.0, "terrain": "gentle"}, "geometry": {"type": "Point", "coordinates": [25.487423677733, 41.0633908118755]}}, {"type": "Feature", "properties": {"substation": "ΚΥΠΑΡΙΣΣΙΑΣ", "deddie_icons": ["Green"], "min_margin_mva": 23.4, "prefecture": "Περιφερειακή Ενότητα Μεσσηνίας", "feeding_kyt": "(sub 249414224)", "kyt_distance_km": 123.4, "topology_status": "assigned", "admie_zone": null, "admie_confidence": null, "admie_decision": null, "hidden_red": false, "slope_mean_deg": 4.4, "gentle_frac": 0.9, "terrain": "gentle"}, "geometry": {"type": "Point", "coordinates": [21.7057843554351, 37.3024806299876]}}, {"type": "Feature", "properties": {"substation": "ΚΥΤ ΛΑΡΙΣΑΣ", "deddie_icons": ["Red"], "min_margin_mva": 0.0, "prefecture": "Περιφερειακή Ενότητα Λάρισας", "feeding_kyt": "ΚΥΤ ΛΑΡΙΣΑΣ", "kyt_distance_km": 0.1, "topology_status": "assigned", "admie_zone": "Θεσσαλία", "admie_confidence": "medium", "admie_decision": "not confirmed (Art.14 framework)", "hidden_red": false, "slope_mean_deg": 2.4, "gentle_frac": 0.98, "terrain": "gentle"}, "geometry": {"type": "Point", "coordinates": [22.5174146743668, 39.5377688531184]}}, {"type": "Feature", "properties": {"substation": "ΚΥΤ ΦΙΛΙΠΠΩΝ", "deddie_icons": ["Green"], "min_margin_mva": 8.9, "prefecture": "Περιφερειακή Ενότητα Δράμας", "feeding_kyt": "Κέντρο Υπερυψηλής Τάσης (ΚΥΤ) Φιλίππων", "kyt_distance_km": 0.1, "topology_status": "assigned", "admie_zone": null, "admie_confidence": null, "admie_decision": null, "hidden_red": false, "slope_mean_deg": 2.4, "gentle_frac": 0.96, "terrain": "gentle"}, "geometry": {"type": "Point", "coordinates": [24.2617760244616, 41.0466654214112]}}, {"type": "Feature", "properties": {"substation": "ΛΗΤΗΣ", "deddie_icons": ["Red"], "min_margin_mva": 0.0, "prefecture": "Μητροπολιτική Ενότητα Θεσσαλονίκης", "feeding_kyt": "Κέντρο Υψηλής Τάσης Λαγκαδά", "kyt_distance_km": 8.2, "topology_status": "assigned", "admie_zone": null, "admie_confidence": null, "admie_decision": null, "hidden_red": false, "slope_mean_deg": 1.4, "gentle_frac": 1.0, "terrain": "gentle"}, "geometry": {"type": "Point", "coordinates": [22.9927583881886, 40.754348312596]}}, {"type": "Feature", "properties": {"substation": "ΜΑΝΔΡΑΣ", "deddie_icons": ["Green"], "min_margin_mva": 4.1, "prefecture": "Περιφερειακή Ενότητα Δυτικής Αττικής", "feeding_kyt": "ΚΥΤ ΚΟΥΜΟΥΝΔΟΥΡΟΥ", "kyt_distance_km": 17.2, "topology_status": "assigned", "admie_zone": null, "admie_confidence": null, "admie_decision": null, "hidden_red": false, "slope_mean_deg": 3.5, "gentle_frac": 0.95, "terrain": "gentle"}, "geometry": {"type": "Point", "coordinates": [23.5178929091353, 38.062116509561]}}, {"type": "Feature", "properties": {"substation": "ΜΥΚΟΝΟΥ", "deddie_icons": ["Green"], "min_margin_mva": 29.0, "prefecture": null, "feeding_kyt": null, "kyt_distance_km": null, "topology_status": "no_snap", "admie_zone": null, "admie_confidence": null, "admie_decision": null, "hidden_red": false, "slope_mean_deg": null, "gentle_frac": null, "terrain": null}, "geometry": null}, {"type": "Feature", "properties": {"substation": "ΝΕΑΣ ΙΩΝΙΑΣ (150/20)", "deddie_icons": ["Green"], "min_margin_mva": 31.5, "prefecture": "Περιφερειακή Ενότητα Βορείου Τομέα Αθηνών", "feeding_kyt": "ΚΥΤ ΑΧΑΡΝΩΝ", "kyt_distance_km": 11.1, "topology_status": "assigned", "admie_zone": null, "admie_confidence": null, "admie_decision": null, "hidden_red": false, "slope_mean_deg": 5.3, "gentle_frac": 0.92, "terrain": "gentle"}, "geometry": {"type": "Point", "coordinates": [23.7523731590021, 38.0394757790891]}}, {"type": "Feature", "properties": {"substation": "ΝΕΑΣ ΜΑΚΡΗΣ", "deddie_icons": ["Green"], "min_margin_mva": 28.4, "prefecture": "Περιφερειακή Ενότητα Ανατολικής Αττικής", "feeding_kyt": "ΚΥΤ ΑΓΙΟΥ ΣΤΕΦΑΝΟΥ", "kyt_distance_km": 13.0, "topology_status": "assigned", "admie_zone": null, "admie_confidence": null, "admie_decision": null, "hidden_red": false, "slope_mean_deg": 12.7, "gentle_frac": 0.52, "terrain": "mixed"}, "geometry": {"type": "Point", "coordinates": [23.9613225880253, 38.0897942741335]}}, {"type": "Feature", "properties": {"substation": "ΠΑΡΟΥ", "deddie_icons": ["Green"], "min_margin_mva": 27.6, "prefecture": null, "feeding_kyt": null, "kyt_distance_km": null, "topology_status": "no_snap", "admie_zone": null, "admie_confidence": null, "admie_decision": null, "hidden_red": false, "slope_mean_deg": null, "gentle_frac": null, "terrain": null}, "geometry": null}, {"type": "Feature", "properties": {"substation": "ΠΥΡΓΟΣ I", "deddie_icons": ["Green"], "min_margin_mva": 6.4, "prefecture": "Περιφερειακή Ενότητα Ηλείας", "feeding_kyt": "(sub 249414224)", "kyt_distance_km": 68.1, "topology_status": "assigned", "admie_zone": null, "admie_confidence": null, "admie_decision": null, "hidden_red": false, "slope_mean_deg": 7.4, "gentle_frac": 0.69, "terrain": "gentle"}, "geometry": {"type": "Point", "coordinates": [21.4430027134868, 37.7199944074848]}}, {"type": "Feature", "properties": {"substation": "ΣΚΑΛΑΣ", "deddie_icons": ["Green"], "min_margin_mva": 3.3, "prefecture": "Περιφερειακή Ενότητα Λακωνίας", "feeding_kyt": "ΚΥΤ Αθικίων", "kyt_distance_km": 165.2, "topology_status": "assigned", "admie_zone": null, "admie_confidence": null, "admie_decision": null, "hidden_red": false, "slope_mean_deg": 9.7, "gentle_frac": 0.55, "terrain": "mixed"}, "geometry": {"type": "Point", "coordinates": [22.6316674800154, 36.8669523631273]}}, {"type": "Feature", "properties": {"substation": "ΣΠΗΛΙΟΥ", "deddie_icons": ["Green"], "min_margin_mva": 9.9, "prefecture": "Περιφερειακή Ενότητα Ρεθύμνης", "feeding_kyt": null, "kyt_distance_km": null, "topology_status": "no_snap", "admie_zone": null, "admie_confidence": null, "admie_decision": null, "hidden_red": false, "slope_mean_deg": 15.6, "gentle_frac": 0.25, "terrain": "steep"}, "geometry": {"type": "Point", "coordinates": [24.47671, 35.25508]}}, {"type": "Feature", "properties": {"substation": "ΣΤΑΛΙΔΑΣ", "deddie_icons": ["Green"], "min_margin_mva": 42.8, "prefecture": "Περιφερειακή Ενότητα Ηρακλείου", "feeding_kyt": "ΚΥΤ Αθικίων", "kyt_distance_km": 474.9, "topology_status": "assigned", "admie_zone": null, "admie_confidence": null, "admie_decision": null, "hidden_red": false, "slope_mean_deg": 11.8, "gentle_frac": 0.51, "terrain": "mixed"}, "geometry": {"type": "Point", "coordinates": [25.43202, 35.28752]}}, {"type": "Feature", "properties": {"substation": "ΣΥΡΟΥ", "deddie_icons": ["Green"], "min_margin_mva": 8.9, "prefecture": null, "feeding_kyt": null, "kyt_distance_km": null, "topology_status": "no_snap", "admie_zone": null, "admie_confidence": null, "admie_decision": null, "hidden_red": false, "slope_mean_deg": null, "gentle_frac": null, "terrain": null}, "geometry": null}, {"type": "Feature", "properties": {"substation": "ΤΡΙΠΟΛΗΣ", "deddie_icons": ["Green", "Red"], "min_margin_mva": 0.0, "prefecture": "Περιφερειακή Ενότητα Αρκαδίας", "feeding_kyt": "(sub 249414224)", "kyt_distance_km": 35.9, "topology_status": "assigned", "admie_zone": null, "admie_confidence": null, "admie_decision": null, "hidden_red": false, "slope_mean_deg": 3.0, "gentle_frac": 0.98, "terrain": "gentle"}, "geometry": {"type": "Point", "coordinates": [22.3772801940164, 37.500695096504]}}, {"type": "Feature", "properties": {"substation": "ΧΑΛΚΗΔΟΝΑΣ (150/20)", "deddie_icons": ["Green"], "min_margin_mva": 44.5, "prefecture": "Περιφερειακή Ενότητα Δυτικού Τομέα Αθηνών", "feeding_kyt": "ΚΥΤ ΑΧΑΡΝΩΝ", "kyt_distance_km": 9.3, "topology_status": "assigned", "admie_zone": null, "admie_confidence": null, "admie_decision": null, "hidden_red": false, "slope_mean_deg": 4.4, "gentle_frac": 0.95, "terrain": "gentle"}, "geometry": {"type": "Point", "coordinates": [23.7267619664004, 38.0308710792116]}}, {"type": "Feature", "properties": {"substation": "ΨΥΧΙΚΟΥ (150/20)", "deddie_icons": ["Green"], "min_margin_mva": 98.7, "prefecture": "Περιφερειακή Ενότητα Κεντρικού Τομέα Αθηνών", "feeding_kyt": "ΚΥΤ ΠΑΛΛΗΝΗΣ", "kyt_distance_km": 8.0, "topology_status": "assigned", "admie_zone": null, "admie_confidence": null, "admie_decision": null, "hidden_red": false, "slope_mean_deg": 7.2, "gentle_frac": 0.76, "terrain": "gentle"}, "geometry": {"type": "Point", "coordinates": [23.7645837993709, 37.9985376546019]}}, {"type": "Feature", "properties": {"substation": "ΑΓΙΑΣ ΧΑΝΙΩΝ", "deddie_icons": ["Green"], "min_margin_mva": 20.7, "prefecture": "Περιφερειακή Ενότητα Χανίων", "feeding_kyt": "ΚΥΤ Αθικίων", "kyt_distance_km": 343.1, "topology_status": "assigned", "admie_zone": null, "admie_confidence": null, "admie_decision": null, "hidden_red": false, "slope_mean_deg": 10.1, "gentle_frac": 0.59, "terrain": "mixed"}, "geometry": {"type": "Point", "coordinates": [23.93762, 35.48291]}}, {"type": "Feature", "properties": {"substation": "ΑΓΙΟΥ ΝΙΚΟΛΑΟΥ", "deddie_icons": ["Green"], "min_margin_mva": 3.3, "prefecture": "Περιφερειακή Ενότητα Λασιθίου", "feeding_kyt": "ΚΥΤ Αθικίων", "kyt_distance_km": 503.6, "topology_status": "assigned", "admie_zone": null, "admie_confidence": null, "admie_decision": null, "hidden_red": false, "slope_mean_deg": 10.4, "gentle_frac": 0.55, "terrain": "mixed"}, "geometry": {"type": "Point", "coordinates": [25.69672, 35.18587]}}, {"type": "Feature", "properties": {"substation": "ΑΓΙΟΥ ΣΤΕΦΑΝΟΥ", "deddie_icons": ["Green"], "min_margin_mva": 3.7, "prefecture": "Περιφερειακή Ενότητα Ανατολικής Αττικής", "feeding_kyt": "ΚΥΤ ΑΓΙΟΥ ΣΤΕΦΑΝΟΥ", "kyt_distance_km": 0.2, "topology_status": "assigned", "admie_zone": null, "admie_confidence": null, "admie_decision": null, "hidden_red": false, "slope_mean_deg": 5.5, "gentle_frac": 0.89, "terrain": "gentle"}, "geometry": {"type": "Point", "coordinates": [23.8356152965401, 38.1327508434767]}}, {"type": "Feature", "properties": {"substation": "ΑΓΙΩΝ ΘΕΟΔΩΡΩΝ", "deddie_icons": ["Green", "Red"], "min_margin_mva": 0.0, "prefecture": "Περιφερειακή Ενότητα Κορινθίας", "feeding_kyt": "ΚΥΤ Αθικίων", "kyt_distance_km": 24.1, "topology_status": "assigned", "admie_zone": null, "admie_confidence": null, "admie_decision": null, "hidden_red": false, "slope_mean_deg": 5.0, "gentle_frac": 0.87, "terrain": "gentle"}, "geometry": {"type": "Point", "coordinates": [23.0710532589224, 37.9246847430463]}}, {"type": "Feature", "properties": {"substation": "ΑΓΡΑ", "deddie_icons": ["Red"], "min_margin_mva": 0.0, "prefecture": "Περιφερειακή Ενότητα Πέλλας", "feeding_kyt": "Κέντρο Υπερυψηλής Τάσης (ΚΥΤ) Μελίτη", "kyt_distance_km": 66.6, "topology_status": "assigned", "admie_zone": "Κεντρική Μακεδονία (τμήμα)", "admie_confidence": "medium", "admie_decision": "not confirmed (Art.14 framework)", "hidden_red": false, "slope_mean_deg": 14.2, "gentle_frac": 0.31, "terrain": "mixed"}, "geometry": {"type": "Point", "coordinates": [22.0227556262664, 40.8065206656884]}}, {"type": "Feature", "properties": {"substation": "ΑΛΕΞΑΝΔΡΕΙΑΣ", "deddie_icons": ["Green"], "min_margin_mva": 6.2, "prefecture": "Περιφερειακή Ενότητα Ημαθίας", "feeding_kyt": "Κέντρο Υπερυψηλής Τάσης Θεσσαλονίκης (ΚΥΤ)", "kyt_distance_km": 44.4, "topology_status": "assigned", "admie_zone": null, "admie_confidence": null, "admie_decision": null, "hidden_red": false, "slope_mean_deg": 1.0, "gentle_frac": 1.0, "terrain": "gentle"}, "geometry": {"type": "Point", "coordinates": [22.4512935384652, 40.6113180017359]}}, {"type": "Feature", "properties": {"substation": "ΑΜΦΙΠΟΛΗΣ", "deddie_icons": ["Green", "Red"], "min_margin_mva": 0.0, "prefecture": "Περιφερειακή Ενότητα Σερρών", "feeding_kyt": "Κέντρο Υπερυψηλής Τάσης (ΚΥΤ) Φιλίππων", "kyt_distance_km": 51.7, "topology_status": "assigned", "admie_zone": null, "admie_confidence": null, "admie_decision": null, "hidden_red": false, "slope_mean_deg": 8.1, "gentle_frac": 0.66, "terrain": "gentle"}, "geometry": {"type": "Point", "coordinates": [23.8576503704067, 40.8092744460163]}}, {"type": "Feature", "properties": {"substation": "ΒΟΥΝΑΙΝΑ", "deddie_icons": ["Red"], "min_margin_mva": 0.0, "prefecture": "Περιφερειακή Ενότητα Λάρισας", "feeding_kyt": "ΚΥΤ ΛΑΡΙΣΑΣ", "kyt_distance_km": 158.4, "topology_status": "assigned", "admie_zone": "Θεσσαλία", "admie_confidence": "medium", "admie_decision": "not confirmed (Art.14 framework)", "hidden_red": false, "slope_mean_deg": 9.9, "gentle_frac": 0.54, "terrain": "mixed"}, "geometry": {"type": "Point", "coordinates": [22.2191142003577, 39.523721266367]}}, {"type": "Feature", "properties": {"substation": "Θ - I (Δόξα)", "deddie_icons": ["Green"], "min_margin_mva": 25.6, "prefecture": "Μητροπολιτική Ενότητα Θεσσαλονίκης", "feeding_kyt": "Κέντρο Υπερυψηλής Τάσης Θεσσαλονίκης (ΚΥΤ)", "kyt_distance_km": 12.3, "topology_status": "assigned", "admie_zone": null, "admie_confidence": null, "admie_decision": null, "hidden_red": false, "slope_mean_deg": 8.8, "gentle_frac": 0.64, "terrain": "gentle"}, "geometry": {"type": "Point", "coordinates": [22.9687667691982, 40.6274565861295]}}, {"type": "Feature", "properties": {"substation": "Θ - VI (Σχολάρι)", "deddie_icons": ["Red"], "min_margin_mva": 0.0, "prefecture": "Μητροπολιτική Ενότητα Θεσσαλονίκης", "feeding_kyt": null, "kyt_distance_km": null, "topology_status": "no_snap", "admie_zone": null, "admie_confidence": null, "admie_decision": null, "hidden_red": false, "slope_mean_deg": 6.8, "gentle_frac": 0.81, "terrain": "gentle"}, "geometry": {"type": "Point", "coordinates": [23.0144262920266, 40.4430299159195]}}, {"type": "Feature", "properties": {"substation": "ΙΑΣΜΟΥ", "deddie_icons": ["Green", "Red"], "min_margin_mva": 0.0, "prefecture": "Περιφερειακή Ενότητα Ροδόπης", "feeding_kyt": "Κέντρο Υπερυψηλής Τάσης (ΚΥΤ) Νέας Σάντας", "kyt_distance_km": 52.6, "topology_status": "assigned", "admie_zone": "Θράκη", "admie_confidence": "medium", "admie_decision": "not confirmed as a single citable transmission decision; Art.14 annual framework", "hidden_red": false, "slope_mean_deg": 6.9, "gentle_frac": 0.73, "terrain": "gentle"}, "geometry": {"type": "Point", "coordinates": [25.1721349135188, 41.1193960912521]}}, {"type": "Feature", "properties": {"substation": "ΚΑΛΑΜΠΑΚΑΣ", "deddie_icons": ["Green"], "min_margin_mva": 2.5, "prefecture": "Περιφερειακή Ενότητα Τρικάλων", "feeding_kyt": "Κέντρο Υπερυψηλής Τάσης Τρικάλων", "kyt_distance_km": 36.0, "topology_status": "assigned", "admie_zone": "Θεσσαλία", "admie_confidence": "medium", "admie_decision": "not confirmed (Art.14 framework)", "hidden_red": true, "slope_mean_deg": 9.6, "gentle_frac": 0.57, "terrain": "mixed"}, "geometry": {"type": "Point", "coordinates": [21.5769421271409, 39.7334685388116]}}, {"type": "Feature", "properties": {"substation": "ΚΑΣΣΑΝΔΡΕΙΑΣ", "deddie_icons": ["Green"], "min_margin_mva": 14.8, "prefecture": "Περιφερειακή Ενότητα Χαλκιδικής", "feeding_kyt": "Κέντρο Υπερυψηλής Τάσης (ΚΥΤ) Φιλίππων", "kyt_distance_km": 201.1, "topology_status": "assigned", "admie_zone": null, "admie_confidence": null, "admie_decision": null, "hidden_red": false, "slope_mean_deg": 5.3, "gentle_frac": 0.93, "terrain": "gentle"}, "geometry": {"type": "Point", "coordinates": [23.4047698729282, 40.060550266481]}}, {"type": "Feature", "properties": {"substation": "ΚΑΤΕΡΙΝΗΣ", "deddie_icons": ["Green", "Orange"], "min_margin_mva": 0.5, "prefecture": "Περιφερειακή Ενότητα Πιερίας", "feeding_kyt": "Κέντρο Υπερυψηλής Τάσης Θεσσαλονίκης (ΚΥΤ)", "kyt_distance_km": 86.7, "topology_status": "assigned", "admie_zone": "Κεντρική Μακεδονία (τμήμα)", "admie_confidence": "medium", "admie_decision": "not confirmed (Art.14 framework)", "hidden_red": false, "slope_mean_deg": 1.7, "gentle_frac": 1.0, "terrain": "gentle"}, "geometry": {"type": "Point", "coordinates": [22.5202215547446, 40.2875305801962]}}, {"type": "Feature", "properties": {"substation": "ΚΟΖΑΝΗΣ", "deddie_icons": ["Orange", "Red"], "min_margin_mva": 0.0, "prefecture": "Περιφερειακή Ενότητα Κοζάνης", "feeding_kyt": "ΚΥΤ Καρδιάς", "kyt_distance_km": 35.2, "topology_status": "assigned", "admie_zone": "Δυτική Μακεδονία", "admie_confidence": "medium", "admie_decision": "not confirmed (Art.14 framework)", "hidden_red": false, "slope_mean_deg": 4.1, "gentle_frac": 0.95, "terrain": "gentle"}, "geometry": {"type": "Point", "coordinates": [21.8405680783549, 40.3107713241671]}}, {"type": "Feature", "properties": {"substation": "ΚΥΤ ΘΕΣΣΑΛΟΝΙΚΗΣ", "deddie_icons": ["Green"], "min_margin_mva": 5.2, "prefecture": "Μητροπολιτική Ενότητα Θεσσαλονίκης", "feeding_kyt": "Κέντρο Υπερυψηλής Τάσης Θεσσαλονίκης (ΚΥΤ)", "kyt_distance_km": 0.0, "topology_status": "assigned", "admie_zone": null, "admie_confidence": null, "admie_decision": null, "hidden_red": false, "slope_mean_deg": 3.3, "gentle_frac": 0.98, "terrain": "gentle"}, "geometry": {"type": "Point", "coordinates": [22.9241484966503, 40.691824632523]}}, {"type": "Feature", "properties": {"substation": "ΚΩΠΑΪΔΑΣ", "deddie_icons": ["Green"], "min_margin_mva": 3.5, "prefecture": "Περιφερειακή Ενότητα Βοιωτίας", "feeding_kyt": "ΚΥΤ ΛΑΡΙΜΝΑΣ", "kyt_distance_km": 24.7, "topology_status": "assigned", "admie_zone": "Στερεά Ελλάδα", "admie_confidence": "medium", "admie_decision": "not confirmed (Art.14 framework)", "hidden_red": true, "slope_mean_deg": 3.9, "gentle_frac": 0.9, "terrain": "gentle"}, "geometry": {"type": "Point", "coordinates": [23.0283132498895, 38.3826614204054]}}, {"type": "Feature", "properties": {"substation": "ΛΑΡΙΣΑ IV", "deddie_icons": ["Green"], "min_margin_mva": 2.7, "prefecture": "Περιφερειακή Ενότητα Λάρισας", "feeding_kyt": "ΚΥΤ ΛΑΡΙΣΑΣ", "kyt_distance_km": 8.0, "topology_status": "assigned", "admie_zone": "Θεσσαλία", "admie_confidence": "medium", "admie_decision": "not confirmed (Art.14 framework)", "hidden_red": true, "slope_mean_deg": 1.3, "gentle_frac": 1.0, "terrain": "gentle"}, "geometry": {"type": "Point", "coordinates": [22.4470575803962, 39.5798671239643]}}, {"type": "Feature", "properties": {"substation": "ΛΑΥΚΟΥ", "deddie_icons": ["Green"], "min_margin_mva": 48.5, "prefecture": "Περιφερειακή Ενότητα Μαγνησίας", "feeding_kyt": "ΚΥΤ ΛΑΡΙΣΑΣ", "kyt_distance_km": 82.9, "topology_status": "assigned", "admie_zone": null, "admie_confidence": null, "admie_decision": null, "hidden_red": false, "slope_mean_deg": 14.6, "gentle_frac": 0.24, "terrain": "steep"}, "geometry": {"type": "Point", "coordinates": [23.2520172818976, 39.1731739173667]}}, {"type": "Feature", "properties": {"substation": "ΛΕΧΑΙΝΩΝ", "deddie_icons": ["Green"], "min_margin_mva": 14.3, "prefecture": "Περιφερειακή Ενότητα Ηλείας", "feeding_kyt": "Κέντρο Υπερυψηλής Τάσης Αχελώου", "kyt_distance_km": 136.3, "topology_status": "assigned", "admie_zone": null, "admie_confidence": null, "admie_decision": null, "hidden_red": false, "slope_mean_deg": 1.1, "gentle_frac": 1.0, "terrain": "gentle"}, "geometry": {"type": "Point", "coordinates": [21.2537324613398, 37.9323123204187]}}, {"type": "Feature", "properties": {"substation": "ΜΟΥΔΑΝΙΩΝ", "deddie_icons": ["Green"], "min_margin_mva": 18.6, "prefecture": "Περιφερειακή Ενότητα Χαλκιδικής", "feeding_kyt": "Κέντρο Υπερυψηλής Τάσης (ΚΥΤ) Φιλίππων", "kyt_distance_km": 174.9, "topology_status": "assigned", "admie_zone": null, "admie_confidence": null, "admie_decision": null, "hidden_red": false, "slope_mean_deg": 3.0, "gentle_frac": 0.98, "terrain": "gentle"}, "geometry": {"type": "Point", "coordinates": [23.3390475512875, 40.2676481395553]}}, {"type": "Feature", "properties": {"substation": "ΝΑΞΟΥ", "deddie_icons": ["Green"], "min_margin_mva": 24.4, "prefecture": null, "feeding_kyt": null, "kyt_distance_km": null, "topology_status": "no_snap", "admie_zone": null, "admie_confidence": null, "admie_decision": null, "hidden_red": false, "slope_mean_deg": null, "gentle_frac": null, "terrain": null}, "geometry": null}, {"type": "Feature", "properties": {"substation": "ΟΡΕΣΤΙΑΔΑΣ", "deddie_icons": ["Green", "Red"], "min_margin_mva": 0.0, "prefecture": "Περιφερειακή Ενότητα Έβρου", "feeding_kyt": "Κέντρο Υπερυψηλής Τάσης (ΚΥΤ) Νέας Σάντας", "kyt_distance_km": 78.1, "topology_status": "assigned", "admie_zone": "Θράκη", "admie_confidence": "medium", "admie_decision": "not confirmed as a single citable transmission decision; Art.14 annual framework", "hidden_red": false, "slope_mean_deg": 3.1, "gentle_frac": 0.92, "terrain": "gentle"}, "geometry": {"type": "Point", "coordinates": [26.4346891119367, 41.5171532572105]}}, {"type": "Feature", "properties": {"substation": "ΠΑΛΛΗΝΗΣ", "deddie_icons": ["Green"], "min_margin_mva": 17.4, "prefecture": "Περιφερειακή Ενότητα Ανατολικής Αττικής", "feeding_kyt": "ΚΥΤ ΠΑΛΛΗΝΗΣ", "kyt_distance_km": 0.1, "topology_status": "assigned", "admie_zone": null, "admie_confidence": null, "admie_decision": null, "hidden_red": false, "slope_mean_deg": 5.2, "gentle_frac": 0.88, "terrain": "gentle"}, "geometry": {"type": "Point", "coordinates": [23.8521612799779, 37.9938177015442]}}, {"type": "Feature", "properties": {"substation": "ΠΑΤΡΑ I", "deddie_icons": ["Green"], "min_margin_mva": 20.9, "prefecture": "Περιφερειακή Ενότητα Αχαΐας", "feeding_kyt": "Κέντρο Υπερυψηλής Τάσης Αχελώου", "kyt_distance_km": 73.2, "topology_status": "assigned", "admie_zone": null, "admie_confidence": null, "admie_decision": null, "hidden_red": false, "slope_mean_deg": 4.9, "gentle_frac": 0.9, "terrain": "gentle"}, "geometry": {"type": "Point", "coordinates": [21.7486682364911, 38.2323065955331]}}, {"type": "Feature", "properties": {"substation": "ΠΑΤΡΑ II", "deddie_icons": ["Green"], "min_margin_mva": 13.3, "prefecture": "Περιφερειακή Ενότητα Αχαΐας", "feeding_kyt": "Κέντρο Υπερυψηλής Τάσης Αχελώου", "kyt_distance_km": 76.3, "topology_status": "assigned", "admie_zone": null, "admie_confidence": null, "admie_decision": null, "hidden_red": false, "slope_mean_deg": 2.4, "gentle_frac": 1.0, "terrain": "gentle"}, "geometry": {"type": "Point", "coordinates": [21.7326292520623, 38.2128285417999]}}, {"type": "Feature", "properties": {"substation": "ΠΑΤΡΑ ΒΙΠΕ", "deddie_icons": ["Green"], "min_margin_mva": 8.7, "prefecture": "Περιφερειακή Ενότητα Αχαΐας", "feeding_kyt": "Κέντρο Υπερυψηλής Τάσης Αχελώου", "kyt_distance_km": 98.2, "topology_status": "assigned", "admie_zone": null, "admie_confidence": null, "admie_decision": null, "hidden_red": false, "slope_mean_deg": 2.5, "gentle_frac": 0.97, "terrain": "gentle"}, "geometry": {"type": "Point", "coordinates": [21.6336676497256, 38.1071918774992]}}, {"type": "Feature", "properties": {"substation": "ΠΕΙΡΑΙΑ (150/20)", "deddie_icons": ["Green"], "min_margin_mva": 29.5, "prefecture": "Περιφερειακή Ενότητα Πειραιώς", "feeding_kyt": "ΚΥΤ ΚΟΥΜΟΥΝΔΟΥΡΟΥ", "kyt_distance_km": 11.7, "topology_status": "assigned", "admie_zone": null, "admie_confidence": null, "admie_decision": null, "hidden_red": false, "slope_mean_deg": 6.1, "gentle_frac": 0.83, "terrain": "gentle"}, "geometry": {"type": "Point", "coordinates": [23.6458336631802, 37.9493362769403]}}, {"type": "Feature", "properties": {"substation": "ΠΟΛΥΠΟΤΑΜΟΥ", "deddie_icons": ["Green"], "min_margin_mva": 9.4, "prefecture": "Περιφερειακή Ενότητα Ευβοίας", "feeding_kyt": "ΚΥΤ ΑΛΙΒΕΡΙΟΥ", "kyt_distance_km": 26.1, "topology_status": "assigned", "admie_zone": "Εύβοια", "admie_confidence": "high", "admie_decision": "ΡΑΕ 136/2006 & 96/2007 (χαρακτηρισμός)· περιθώρια ΡΑΕ 1253/2010, 1291/2011", "hidden_red": true, "slope_mean_deg": 12.1, "gentle_frac": 0.4, "terrain": "mixed"}, "geometry": {"type": "Point", "coordinates": [24.2093076932901, 38.210172812233]}}, {"type": "Feature", "properties": {"substation": "ΠΡΕΒΕΖΑ ΒΙΠΕ", "deddie_icons": ["Red"], "min_margin_mva": 0.0, "prefecture": "Περιφερειακή Ενότητα Πρέβεζας", "feeding_kyt": "Κέντρο Υπερυψηλής Τάσης Αράχθου", "kyt_distance_km": 43.5, "topology_status": "assigned", "admie_zone": null, "admie_confidence": null, "admie_decision": null, "hidden_red": false, "slope_mean_deg": 1.8, "gentle_frac": 0.99, "terrain": "gentle"}, "geometry": {"type": "Point", "coordinates": [20.7248558720522, 38.9945610640605]}}, {"type": "Feature", "properties": {"substation": "ΠΡΟΒΑΤΩΝΑ", "deddie_icons": ["Green"], "min_margin_mva": 2.7, "prefecture": "Περιφερειακή Ενότητα Έβρου", "feeding_kyt": "Κέντρο Υπερυψηλής Τάσης (ΚΥΤ) Νέας Σάντας", "kyt_distance_km": 142.9, "topology_status": "assigned", "admie_zone": "Θράκη", "admie_confidence": "medium", "admie_decision": "not confirmed as a single citable transmission decision; Art.14 annual framework", "hidden_red": true, "slope_mean_deg": 3.6, "gentle_frac": 0.97, "terrain": "gentle"}, "geometry": {"type": "Point", "coordinates": [26.257916422523, 41.0408646964012]}}, {"type": "Feature", "properties": {"substation": "ΠΥΡΓΟΣ ΙΙ", "deddie_icons": ["Green"], "min_margin_mva": 3.5, "prefecture": "Περιφερειακή Ενότητα Ηλείας", "feeding_kyt": "(sub 249414224)", "kyt_distance_km": 68.1, "topology_status": "assigned", "admie_zone": null, "admie_confidence": null, "admie_decision": null, "hidden_red": false, "slope_mean_deg": 7.4, "gentle_frac": 0.69, "terrain": "gentle"}, "geometry": {"type": "Point", "coordinates": [21.4430027134868, 37.7199944074848]}}, {"type": "Feature", "properties": {"substation": "ΣΚΙΑΘΟΥ", "deddie_icons": ["Green"], "min_margin_mva": 48.8, "prefecture": "Περιφερειακή Ενότητα Σποράδων", "feeding_kyt": null, "kyt_distance_km": null, "topology_status": "no_snap", "admie_zone": null, "admie_confidence": null, "admie_decision": null, "hidden_red": false, "slope_mean_deg": 5.7, "gentle_frac": 0.76, "terrain": "gentle"}, "geometry": {"type": "Point", "coordinates": [23.506337, 39.186545]}}, {"type": "Feature", "properties": {"substation": "ΣΚΥΔΡΑΣ", "deddie_icons": ["Orange", "Red"], "min_margin_mva": 0.0, "prefecture": "Περιφερειακή Ενότητα Πέλλας", "feeding_kyt": "Κέντρο Υπερυψηλής Τάσης Θεσσαλονίκης (ΚΥΤ)", "kyt_distance_km": 71.3, "topology_status": "assigned", "admie_zone": "Κεντρική Μακεδονία (τμήμα)", "admie_confidence": "medium", "admie_decision": "not confirmed (Art.14 framework)", "hidden_red": false, "slope_mean_deg": 6.0, "gentle_frac": 0.73, "terrain": "gentle"}, "geometry": {"type": "Point", "coordinates": [22.1362866572606, 40.7872002694492]}}, {"type": "Feature", "properties": {"substation": "ΣΤΥΛΙΔΑΣ", "deddie_icons": ["Green", "Red"], "min_margin_mva": 0.0, "prefecture": "Περιφερειακή Ενότητα Φθιώτιδας", "feeding_kyt": "ΚΥΤ ΛΑΡΙΣΑΣ", "kyt_distance_km": 102.2, "topology_status": "assigned", "admie_zone": "Στερεά Ελλάδα", "admie_confidence": "medium", "admie_decision": "not confirmed (Art.14 framework)", "hidden_red": false, "slope_mean_deg": 4.7, "gentle_frac": 0.88, "terrain": "gentle"}, "geometry": {"type": "Point", "coordinates": [22.5813554858567, 38.9073862198622]}}, {"type": "Feature", "properties": {"substation": "ΤΡΙΚΑΛΑ I", "deddie_icons": ["Green"], "min_margin_mva": 14.2, "prefecture": "Περιφερειακή Ενότητα Τρικάλων", "feeding_kyt": "Κέντρο Υπερυψηλής Τάσης Τρικάλων", "kyt_distance_km": 10.1, "topology_status": "assigned", "admie_zone": "Θεσσαλία", "admie_confidence": "medium", "admie_decision": "not confirmed (Art.14 framework)", "hidden_red": true, "slope_mean_deg": 4.3, "gentle_frac": 0.88, "terrain": "gentle"}, "geometry": {"type": "Point", "coordinates": [21.7732680970703, 39.5627181896118]}}, {"type": "Feature", "properties": {"substation": "ΥΛΙΚΗΣ", "deddie_icons": ["Green", "Red"], "min_margin_mva": 0.0, "prefecture": "Περιφερειακή Ενότητα Βοιωτίας", "feeding_kyt": "ΚΥΤ ΑΓΙΟΥ ΣΤΕΦΑΝΟΥ", "kyt_distance_km": 64.7, "topology_status": "assigned", "admie_zone": "Στερεά Ελλάδα", "admie_confidence": "medium", "admie_decision": "not confirmed (Art.14 framework)", "hidden_red": false, "slope_mean_deg": 4.0, "gentle_frac": 0.92, "terrain": "gentle"}, "geometry": {"type": "Point", "coordinates": [23.3438816172964, 38.4276061998179]}}, {"type": "Feature", "properties": {"substation": "ΦΑΡΣΑΛΩΝ", "deddie_icons": ["Orange", "Red"], "min_margin_mva": 0.0, "prefecture": "Περιφερειακή Ενότητα Λάρισας", "feeding_kyt": "ΚΥΤ ΛΑΡΙΣΑΣ", "kyt_distance_km": 37.5, "topology_status": "assigned", "admie_zone": "Θεσσαλία", "admie_confidence": "medium", "admie_decision": "not confirmed (Art.14 framework)", "hidden_red": false, "slope_mean_deg": 0.7, "gentle_frac": 1.0, "terrain": "gentle"}, "geometry": {"type": "Point", "coordinates": [22.3656630129585, 39.3344068180669]}}, {"type": "Feature", "properties": {"substation": "ΑΙΔΗΨΟΥ", "deddie_icons": ["Green"], "min_margin_mva": 14.0, "prefecture": "Περιφερειακή Ενότητα Ευβοίας", "feeding_kyt": "ΚΥΤ ΛΑΡΙΣΑΣ", "kyt_distance_km": 112.8, "topology_status": "assigned", "admie_zone": "Εύβοια", "admie_confidence": "high", "admie_decision": "ΡΑΕ 136/2006 & 96/2007 (χαρακτηρισμός)· περιθώρια ΡΑΕ 1253/2010, 1291/2011", "hidden_red": true, "slope_mean_deg": 9.3, "gentle_frac": 0.62, "terrain": "gentle"}, "geometry": {"type": "Point", "coordinates": [23.0497260966409, 38.9033809844884]}}, {"type": "Feature", "properties": {"substation": "ΑΛΙΒΕΡΙΟΥ", "deddie_icons": ["Green", "Orange"], "min_margin_mva": 0.1, "prefecture": "Περιφερειακή Ενότητα Ευβοίας", "feeding_kyt": "ΚΥΤ ΑΛΙΒΕΡΙΟΥ", "kyt_distance_km": 0.6, "topology_status": "assigned", "admie_zone": "Εύβοια", "admie_confidence": "high", "admie_decision": "ΡΑΕ 136/2006 & 96/2007 (χαρακτηρισμός)· περιθώρια ΡΑΕ 1253/2010, 1291/2011", "hidden_red": false, "slope_mean_deg": 2.7, "gentle_frac": 0.95, "terrain": "gentle"}, "geometry": {"type": "Point", "coordinates": [24.0533553250172, 38.3893682975275]}}, {"type": "Feature", "properties": {"substation": "ΑΛΜΥΡΟΥ", "deddie_icons": ["Green", "Red"], "min_margin_mva": 0.0, "prefecture": "Περιφερειακή Ενότητα Μαγνησίας", "feeding_kyt": "ΚΥΤ ΛΑΡΙΣΑΣ", "kyt_distance_km": 52.3, "topology_status": "assigned", "admie_zone": null, "admie_confidence": null, "admie_decision": null, "hidden_red": false, "slope_mean_deg": 3.9, "gentle_frac": 0.92, "terrain": "gentle"}, "geometry": {"type": "Point", "coordinates": [22.7861477262235, 39.1580241577361]}}, {"type": "Feature", "properties": {"substation": "ΑΜΑΡΟΥΣΙΟΥ (150/20)", "deddie_icons": ["Green"], "min_margin_mva": 16.9, "prefecture": "Περιφερειακή Ενότητα Βορείου Τομέα Αθηνών", "feeding_kyt": null, "kyt_distance_km": null, "topology_status": "no_snap", "admie_zone": null, "admie_confidence": null, "admie_decision": null, "hidden_red": false, "slope_mean_deg": 5.0, "gentle_frac": 0.93, "terrain": "gentle"}, "geometry": {"type": "Point", "coordinates": [23.7991736400332, 38.0487310232839]}}, {"type": "Feature", "properties": {"substation": "ΑΜΦΙΚΛΕΙΑΣ", "deddie_icons": ["Orange", "Red"], "min_margin_mva": 0.0, "prefecture": "Περιφερειακή Ενότητα Φθιώτιδας", "feeding_kyt": "ΚΥΤ ΛΑΡΙΜΝΑΣ", "kyt_distance_km": 67.8, "topology_status": "assigned", "admie_zone": "Στερεά Ελλάδα", "admie_confidence": "medium", "admie_decision": "not confirmed (Art.14 framework)", "hidden_red": false, "slope_mean_deg": 5.4, "gentle_frac": 0.82, "terrain": "gentle"}, "geometry": {"type": "Point", "coordinates": [22.6064325437652, 38.6506875013]}}, {"type": "Feature", "properties": {"substation": "ΑΜΦΙΛΟΧΙΑΣ", "deddie_icons": ["Red"], "min_margin_mva": 0.0, "prefecture": "Περιφερειακή Ενότητα Αιτωλοακαρνανίας", "feeding_kyt": "Κέντρο Υπερυψηλής Τάσης Αχελώου", "kyt_distance_km": 30.7, "topology_status": "assigned", "admie_zone": "Δυτική Ελλάδα (τμήμα)", "admie_confidence": "low", "admie_decision": "not confirmed", "hidden_red": false, "slope_mean_deg": 9.5, "gentle_frac": 0.61, "terrain": "gentle"}, "geometry": {"type": "Point", "coordinates": [21.1820517271976, 38.7961647952394]}}, {"type": "Feature", "properties": {"substation": "ΑΞΙΟΥΠΟΛΗΣ", "deddie_icons": ["Green", "Red"], "min_margin_mva": 0.0, "prefecture": "Περιφερειακή Ενότητα Κιλκίς", "feeding_kyt": "Κέντρο Υψηλής Τάσης Λαγκαδά", "kyt_distance_km": 67.7, "topology_status": "assigned", "admie_zone": null, "admie_confidence": null, "admie_decision": null, "hidden_red": false, "slope_mean_deg": 3.1, "gentle_frac": 0.92, "terrain": "gentle"}, "geometry": {"type": "Point", "coordinates": [22.5405401461194, 40.9596873850497]}}, {"type": "Feature", "properties": {"substation": "ΑΧΛΑΔΙΟΥ", "deddie_icons": ["Green"], "min_margin_mva": 2.0, "prefecture": "Περιφερειακή Ενότητα Φθιώτιδας", "feeding_kyt": "ΚΥΤ ΛΑΡΙΣΑΣ", "kyt_distance_km": 89.1, "topology_status": "assigned", "admie_zone": "Στερεά Ελλάδα", "admie_confidence": "medium", "admie_decision": "not confirmed (Art.14 framework)", "hidden_red": true, "slope_mean_deg": 5.4, "gentle_frac": 0.84, "terrain": "gentle"}, "geometry": {"type": "Point", "coordinates": [22.7994209666497, 38.8965494787921]}}, {"type": "Feature", "properties": {"substation": "ΔΡΑΜΑΣ", "deddie_icons": ["Red"], "min_margin_mva": 0.0, "prefecture": "Περιφερειακή Ενότητα Δράμας", "feeding_kyt": "Κέντρο Υπερυψηλής Τάσης (ΚΥΤ) Φιλίππων", "kyt_distance_km": 14.6, "topology_status": "assigned", "admie_zone": null, "admie_confidence": null, "admie_decision": null, "hidden_red": false, "slope_mean_deg": 2.2, "gentle_frac": 1.0, "terrain": "gentle"}, "geometry": {"type": "Point", "coordinates": [24.1394749131341, 41.125991913285]}}, {"type": "Feature", "properties": {"substation": "ΗΓΟΥΜΕΝΙΤΣΑΣ", "deddie_icons": ["Red"], "min_margin_mva": 0.0, "prefecture": "Περιφερειακή Ενότητα Θεσπρωτίας", "feeding_kyt": null, "kyt_distance_km": null, "topology_status": "unreachable", "admie_zone": null, "admie_confidence": null, "admie_decision": null, "hidden_red": false, "slope_mean_deg": 10.2, "gentle_frac": 0.55, "terrain": "mixed"}, "geometry": {"type": "Point", "coordinates": [20.2682343443896, 39.5327430400051]}}, {"type": "Feature", "properties": {"substation": "ΗΡΑΚΛΕΙΟ IIΙ", "deddie_icons": ["Green"], "min_margin_mva": 5.0, "prefecture": "Περιφερειακή Ενότητα Ηρακλείου", "feeding_kyt": "ΚΥΤ Αθικίων", "kyt_distance_km": 440.8, "topology_status": "assigned", "admie_zone": null, "admie_confidence": null, "admie_decision": null, "hidden_red": false, "slope_mean_deg": 6.4, "gentle_frac": 0.81, "terrain": "gentle"}, "geometry": {"type": "Point", "coordinates": [25.07988, 35.31036]}}, {"type": "Feature", "properties": {"substation": "Θ - IX (Πολίχνη)", "deddie_icons": ["Green"], "min_margin_mva": 10.5, "prefecture": "Μητροπολιτική Ενότητα Θεσσαλονίκης", "feeding_kyt": "Κέντρο Υπερυψηλής Τάσης Θεσσαλονίκης (ΚΥΤ)", "kyt_distance_km": 8.8, "topology_status": "assigned", "admie_zone": null, "admie_confidence": null, "admie_decision": null, "hidden_red": false, "slope_mean_deg": 8.0, "gentle_frac": 0.7, "terrain": "gentle"}, "geometry": {"type": "Point", "coordinates": [22.9592725310537, 40.6652958103384]}}, {"type": "Feature", "properties": {"substation": "Θ - Χ (Φοίνικας)", "deddie_icons": ["Green", "Red"], "min_margin_mva": 0.0, "prefecture": "Μητροπολιτική Ενότητα Θεσσαλονίκης", "feeding_kyt": "Κέντρο Υπερυψηλής Τάσης (ΚΥΤ) Φιλίππων", "kyt_distance_km": 222.5, "topology_status": "assigned", "admie_zone": null, "admie_confidence": null, "admie_decision": null, "hidden_red": false, "slope_mean_deg": 7.0, "gentle_frac": 0.8, "terrain": "gentle"}, "geometry": {"type": "Point", "coordinates": [23.0027775232642, 40.5726235437467]}}, {"type": "Feature", "properties": {"substation": "ΙΩΑΝΝΙΝΑ I", "deddie_icons": ["Green", "Red"], "min_margin_mva": 0.0, "prefecture": "Περιφερειακή Ενότητα Ιωαννίνων", "feeding_kyt": null, "kyt_distance_km": null, "topology_status": "unreachable", "admie_zone": "Ήπειρος (τμήμα)", "admie_confidence": "low", "admie_decision": "not confirmed", "hidden_red": false, "slope_mean_deg": 6.8, "gentle_frac": 0.77, "terrain": "gentle"}, "geometry": {"type": "Point", "coordinates": [20.7864623669828, 39.6998929044344]}}, {"type": "Feature", "properties": {"substation": "ΚΑΣΤΟΡΙΑΣ", "deddie_icons": ["Red"], "min_margin_mva": 0.0, "prefecture": "Περιφερειακή Ενότητα Καστοριάς", "feeding_kyt": "ΚΥΤ Καρδιάς", "kyt_distance_km": 53.8, "topology_status": "assigned", "admie_zone": "Δυτική Μακεδονία", "admie_confidence": "medium", "admie_decision": "not confirmed (Art.14 framework)", "hidden_red": false, "slope_mean_deg": 4.2, "gentle_frac": 0.88, "terrain": "gentle"}, "geometry": {"type": "Point", "coordinates": [21.2899169068873, 40.4751437036451]}}, {"type": "Feature", "properties": {"substation": "ΚΑΣΤΡΑΚΙΟΥ", "deddie_icons": ["Red"], "min_margin_mva": 0.0, "prefecture": "Περιφερειακή Ενότητα Αιτωλοακαρνανίας", "feeding_kyt": "Κέντρο Υπερυψηλής Τάσης Αχελώου", "kyt_distance_km": 5.5, "topology_status": "assigned", "admie_zone": "Δυτική Ελλάδα (τμήμα)", "admie_confidence": "low", "admie_decision": "not confirmed", "hidden_red": false, "slope_mean_deg": 12.3, "gentle_frac": 0.44, "terrain": "mixed"}, "geometry": {"type": "Point", "coordinates": [21.3640613016912, 38.7385471233045]}}, {"type": "Feature", "properties": {"substation": "ΚΟΜΟΤΗΝΗΣ", "deddie_icons": ["Green", "Red"], "min_margin_mva": 0.0, "prefecture": "Περιφερειακή Ενότητα Ροδόπης", "feeding_kyt": "Κέντρο Υπερυψηλής Τάσης (ΚΥΤ) Νέας Σάντας", "kyt_distance_km": 72.7, "topology_status": "assigned", "admie_zone": "Θράκη", "admie_confidence": "medium", "admie_decision": "not confirmed as a single citable transmission decision; Art.14 annual framework", "hidden_red": false, "slope_mean_deg": 2.0, "gentle_frac": 0.99, "terrain": "gentle"}, "geometry": {"type": "Point", "coordinates": [25.3859527803576, 41.1121460327448]}}, {"type": "Feature", "properties": {"substation": "ΚΟΡΙΝΘΟΥ", "deddie_icons": ["Green"], "min_margin_mva": 4.1, "prefecture": "Περιφερειακή Ενότητα Κορινθίας", "feeding_kyt": "ΚΥΤ Αθικίων", "kyt_distance_km": 11.4, "topology_status": "assigned", "admie_zone": null, "admie_confidence": null, "admie_decision": null, "hidden_red": false, "slope_mean_deg": 2.8, "gentle_frac": 0.98, "terrain": "gentle"}, "geometry": {"type": "Point", "coordinates": [22.9294839032267, 37.9252210527728]}}, {"type": "Feature", "properties": {"substation": "ΚΟΡΥΔΑΛΛΟΥ", "deddie_icons": ["Green"], "min_margin_mva": 32.2, "prefecture": "Περιφερειακή Ενότητα Πειραιώς", "feeding_kyt": "ΚΥΤ ΚΟΥΜΟΥΝΔΟΥΡΟΥ", "kyt_distance_km": 6.4, "topology_status": "assigned", "admie_zone": null, "admie_confidence": null, "admie_decision": null, "hidden_red": false, "slope_mean_deg": 9.9, "gentle_frac": 0.61, "terrain": "gentle"}, "geometry": {"type": "Point", "coordinates": [23.6436083019037, 37.9882380753201]}}, {"type": "Feature", "properties": {"substation": "ΚΥΤ ΜΕΛΙΤΗ", "deddie_icons": ["Green"], "min_margin_mva": 5.2, "prefecture": "Περιφερειακή Ενότητα Φλώρινας", "feeding_kyt": "Κέντρο Υπερυψηλής Τάσης (ΚΥΤ) Μελίτη", "kyt_distance_km": 0.1, "topology_status": "assigned", "admie_zone": "Δυτική Μακεδονία", "admie_confidence": "medium", "admie_decision": "not confirmed (Art.14 framework)", "hidden_red": true, "slope_mean_deg": 5.8, "gentle_frac": 0.84, "terrain": "gentle"}, "geometry": {"type": "Point", "coordinates": [21.5975508849287, 40.8108680080205]}}, {"type": "Feature", "properties": {"substation": "ΛΕΙΒΑΔΙΑΣ", "deddie_icons": ["Green", "Red"], "min_margin_mva": 0.0, "prefecture": "Περιφερειακή Ενότητα Βοιωτίας", "feeding_kyt": "ΚΥΤ ΛΑΡΙΜΝΑΣ", "kyt_distance_km": 34.5, "topology_status": "assigned", "admie_zone": "Στερεά Ελλάδα", "admie_confidence": "medium", "admie_decision": "not confirmed (Art.14 framework)", "hidden_red": false, "slope_mean_deg": 6.9, "gentle_frac": 0.73, "terrain": "gentle"}, "geometry": {"type": "Point", "coordinates": [22.8898284889955, 38.4557822335523]}}, {"type": "Feature", "properties": {"substation": "ΛΕΥΚΑΔΑΣ", "deddie_icons": ["Green"], "min_margin_mva": 45.2, "prefecture": "Περιφερειακή Ενότητα Λευκάδας", "feeding_kyt": "Κέντρο Υπερυψηλής Τάσης Αχελώου", "kyt_distance_km": 96.3, "topology_status": "assigned", "admie_zone": null, "admie_confidence": null, "admie_decision": null, "hidden_red": false, "slope_mean_deg": 17.3, "gentle_frac": 0.3, "terrain": "mixed"}, "geometry": {"type": "Point", "coordinates": [20.6626119609403, 38.7475177840493]}}, {"type": "Feature", "properties": {"substation": "ΜΑΓΙΚΟΥ", "deddie_icons": ["Orange", "Red"], "min_margin_mva": 0.0, "prefecture": "Περιφερειακή Ενότητα Ξάνθης", "feeding_kyt": "Κέντρο Υπερυψηλής Τάσης (ΚΥΤ) Νέας Σάντας", "kyt_distance_km": 79.1, "topology_status": "assigned", "admie_zone": "Θράκη", "admie_confidence": "medium", "admie_decision": "not confirmed as a single citable transmission decision; Art.14 annual framework", "hidden_red": false, "slope_mean_deg": 1.2, "gentle_frac": 1.0, "terrain": "gentle"}, "geometry": {"type": "Point", "coordinates": [24.896996699978, 41.0470511452661]}}, {"type": "Feature", "properties": {"substation": "ΜΑΡΚΟΠΟΥΛΟΥ", "deddie_icons": ["Green", "Orange"], "min_margin_mva": 1.3, "prefecture": "Περιφερειακή Ενότητα Ανατολικής Αττικής", "feeding_kyt": "ΚΥΤ ΠΑΛΛΗΝΗΣ", "kyt_distance_km": 15.0, "topology_status": "assigned", "admie_zone": null, "admie_confidence": null, "admie_decision": null, "hidden_red": false, "slope_mean_deg": 4.2, "gentle_frac": 0.86, "terrain": "gentle"}, "geometry": {"type": "Point", "coordinates": [23.9193967979514, 37.8843688978792]}}, {"type": "Feature", "properties": {"substation": "ΜΕΓΑΛΟΠΟΛΗΣ", "deddie_icons": ["Red"], "min_margin_mva": 0.0, "prefecture": "Περιφερειακή Ενότητα Αρκαδίας", "feeding_kyt": "(sub 249414224)", "kyt_distance_km": 4.4, "topology_status": "assigned", "admie_zone": null, "admie_confidence": null, "admie_decision": null, "hidden_red": false, "slope_mean_deg": 5.8, "gentle_frac": 0.84, "terrain": "gentle"}, "geometry": {"type": "Point", "coordinates": [22.0909621528835, 37.4002799026142]}}, {"type": "Feature", "properties": {"substation": "ΜΟΙΡΩΝ", "deddie_icons": ["Orange"], "min_margin_mva": 0.2, "prefecture": "Περιφερειακή Ενότητα Ηρακλείου", "feeding_kyt": "ΚΥΤ Αθικίων", "kyt_distance_km": 474.1, "topology_status": "assigned", "admie_zone": null, "admie_confidence": null, "admie_decision": null, "hidden_red": false, "slope_mean_deg": 5.7, "gentle_frac": 0.78, "terrain": "gentle"}, "geometry": {"type": "Point", "coordinates": [24.89197, 35.05214]}}, {"type": "Feature", "properties": {"substation": "ΝΑΥΠΑΚΤΟΥ", "deddie_icons": ["Red"], "min_margin_mva": 0.0, "prefecture": "Περιφερειακή Ενότητα Αιτωλοακαρνανίας", "feeding_kyt": "Κέντρο Υπερυψηλής Τάσης Αχελώου", "kyt_distance_km": 59.1, "topology_status": "assigned", "admie_zone": "Δυτική Ελλάδα (τμήμα)", "admie_confidence": "low", "admie_decision": "not confirmed", "hidden_red": false, "slope_mean_deg": 10.6, "gentle_frac": 0.61, "terrain": "gentle"}, "geometry": {"type": "Point", "coordinates": [21.8512246461113, 38.4057078956296]}}, {"type": "Feature", "properties": {"substation": "ΠΛΑΤΑΜΩΝΑ", "deddie_icons": ["Green"], "min_margin_mva": 11.6, "prefecture": "Περιφερειακή Ενότητα Πιερίας", "feeding_kyt": "ΚΥΤ ΛΑΡΙΣΑΣ", "kyt_distance_km": 76.3, "topology_status": "assigned", "admie_zone": "Κεντρική Μακεδονία (τμήμα)", "admie_confidence": "medium", "admie_decision": "not confirmed (Art.14 framework)", "hidden_red": true, "slope_mean_deg": 2.7, "gentle_frac": 0.99, "terrain": "gentle"}, "geometry": {"type": "Point", "coordinates": [22.5629889065452, 40.0272906326113]}}, {"type": "Feature", "properties": {"substation": "ΠΤΟΛΕΜΑΪΔΑ I (Δ1)", "deddie_icons": ["Green"], "min_margin_mva": 5.1, "prefecture": "Περιφερειακή Ενότητα Κοζάνης", "feeding_kyt": "ΚΥΤ Καρδιάς", "kyt_distance_km": 11.7, "topology_status": "assigned", "admie_zone": "Δυτική Μακεδονία", "admie_confidence": "medium", "admie_decision": "not confirmed (Art.14 framework)", "hidden_red": true, "slope_mean_deg": 7.5, "gentle_frac": 0.7, "terrain": "gentle"}, "geometry": {"type": "Point", "coordinates": [21.7293385213379, 40.4816984053167]}}, {"type": "Feature", "properties": {"substation": "Πολύφυτο (αντλ/σια)", "deddie_icons": ["Green", "Red"], "min_margin_mva": 0.0, "prefecture": "Περιφερειακή Ενότητα Κοζάνης", "feeding_kyt": "ΚΥΤ Καρδιάς", "kyt_distance_km": 27.4, "topology_status": "assigned", "admie_zone": "Δυτική Μακεδονία", "admie_confidence": "medium", "admie_decision": "not confirmed (Art.14 framework)", "hidden_red": false, "slope_mean_deg": 4.0, "gentle_frac": 0.88, "terrain": "gentle"}, "geometry": {"type": "Point", "coordinates": [21.95349, 40.23788]}}, {"type": "Feature", "properties": {"substation": "ΣΑΛΑΜΙΝΑΣ", "deddie_icons": ["Green"], "min_margin_mva": 42.2, "prefecture": "Περιφερειακή Ενότητα Νήσων", "feeding_kyt": null, "kyt_distance_km": null, "topology_status": "no_snap", "admie_zone": null, "admie_confidence": null, "admie_decision": null, "hidden_red": false, "slope_mean_deg": 9.4, "gentle_frac": 0.61, "terrain": "gentle"}, "geometry": {"type": "Point", "coordinates": [23.5089494853313, 37.976316347265]}}, {"type": "Feature", "properties": {"substation": "ΣΕΡΒΙΩΝ", "deddie_icons": ["Red"], "min_margin_mva": 0.0, "prefecture": "Περιφερειακή Ενότητα Κοζάνης", "feeding_kyt": "ΚΥΤ Καρδιάς", "kyt_distance_km": 51.7, "topology_status": "assigned", "admie_zone": "Δυτική Μακεδονία", "admie_confidence": "medium", "admie_decision": "not confirmed (Art.14 framework)", "hidden_red": false, "slope_mean_deg": 12.7, "gentle_frac": 0.52, "terrain": "mixed"}, "geometry": {"type": "Point", "coordinates": [21.9543349728974, 40.1663119484875]}}, {"type": "Feature", "properties": {"substation": "ΣΙΔΗΡΟΚΑΣΤΡΟΥ", "deddie_icons": ["Green"], "min_margin_mva": 21.9, "prefecture": "Περιφερειακή Ενότητα Σερρών", "feeding_kyt": "Κέντρο Υπερυψηλής Τάσης (ΚΥΤ) Φιλίππων", "kyt_distance_km": 86.5, "topology_status": "assigned", "admie_zone": null, "admie_confidence": null, "admie_decision": null, "hidden_red": false, "slope_mean_deg": 2.0, "gentle_frac": 1.0, "terrain": "gentle"}, "geometry": {"type": "Point", "coordinates": [23.3792210069918, 41.2141844778196]}}, {"type": "Feature", "properties": {"substation": "ΣΠΑΡΤΗ II", "deddie_icons": ["Green"], "min_margin_mva": 18.0, "prefecture": "Περιφερειακή Ενότητα Λακωνίας", "feeding_kyt": "ΚΥΤ Αθικίων", "kyt_distance_km": 194.6, "topology_status": "assigned", "admie_zone": null, "admie_confidence": null, "admie_decision": null, "hidden_red": false, "slope_mean_deg": 2.1, "gentle_frac": 0.99, "terrain": "gentle"}, "geometry": {"type": "Point", "coordinates": [22.4334013978047, 37.0443689832966]}}, {"type": "Feature", "properties": {"substation": "ΣΠΕΡΧΕΙΑΔΑΣ", "deddie_icons": ["Red"], "min_margin_mva": 0.0, "prefecture": "Περιφερειακή Ενότητα Φθιώτιδας", "feeding_kyt": "Κέντρο Υπερυψηλής Τάσης Αχελώου", "kyt_distance_km": 85.2, "topology_status": "assigned", "admie_zone": "Στερεά Ελλάδα", "admie_confidence": "medium", "admie_decision": "not confirmed (Art.14 framework)", "hidden_red": false, "slope_mean_deg": 2.1, "gentle_frac": 0.99, "terrain": "gentle"}, "geometry": {"type": "Point", "coordinates": [22.1254927353897, 38.9203148961774]}}, {"type": "Feature", "properties": {"substation": "ΣΧΗΜΑΤΑΡΙΟΥ", "deddie_icons": ["Red"], "min_margin_mva": 0.0, "prefecture": "Περιφερειακή Ενότητα Βοιωτίας", "feeding_kyt": "ΚΥΤ ΑΓΙΟΥ ΣΤΕΦΑΝΟΥ", "kyt_distance_km": 34.5, "topology_status": "assigned", "admie_zone": "Στερεά Ελλάδα", "admie_confidence": "medium", "admie_decision": "not confirmed (Art.14 framework)", "hidden_red": false, "slope_mean_deg": 3.9, "gentle_frac": 0.97, "terrain": "gentle"}, "geometry": {"type": "Point", "coordinates": [23.5971235427269, 38.3486951319146]}}, {"type": "Feature", "properties": {"substation": "ΤΡΙΚΑΛΑ II", "deddie_icons": ["Red"], "min_margin_mva": 0.0, "prefecture": "Περιφερειακή Ενότητα Τρικάλων", "feeding_kyt": "ΚΥΤ ΛΑΡΙΣΑΣ", "kyt_distance_km": 185.5, "topology_status": "assigned", "admie_zone": "Θεσσαλία", "admie_confidence": "medium", "admie_decision": "not confirmed (Art.14 framework)", "hidden_red": false, "slope_mean_deg": 0.5, "gentle_frac": 1.0, "terrain": "gentle"}, "geometry": {"type": "Point", "coordinates": [21.821294245187, 39.5240665906836]}}, {"type": "Feature", "properties": {"substation": "ΦΛΩΡΙΝΑΣ", "deddie_icons": ["Green"], "min_margin_mva": 12.2, "prefecture": "Περιφερειακή Ενότητα Φλώρινας", "feeding_kyt": "Κέντρο Υπερυψηλής Τάσης (ΚΥΤ) Μελίτη", "kyt_distance_km": 52.8, "topology_status": "assigned", "admie_zone": "Δυτική Μακεδονία", "admie_confidence": "medium", "admie_decision": "not confirmed (Art.14 framework)", "hidden_red": true, "slope_mean_deg": 1.0, "gentle_frac": 1.0, "terrain": "gentle"}, "geometry": {"type": "Point", "coordinates": [21.4351138276537, 40.7920336624625]}}, {"type": "Feature", "properties": {"substation": "ΧΑΛΚΙΔΑ II", "deddie_icons": ["Green"], "min_margin_mva": 2.8, "prefecture": "Περιφερειακή Ενότητα Ευβοίας", "feeding_kyt": "ΚΥΤ ΑΓΙΟΥ ΣΤΕΦΑΝΟΥ", "kyt_distance_km": 50.5, "topology_status": "assigned", "admie_zone": "Εύβοια", "admie_confidence": "high", "admie_decision": "ΡΑΕ 136/2006 & 96/2007 (χαρακτηρισμός)· περιθώρια ΡΑΕ 1253/2010, 1291/2011", "hidden_red": true, "slope_mean_deg": 8.4, "gentle_frac": 0.64, "terrain": "gentle"}, "geometry": {"type": "Point", "coordinates": [23.592216624373, 38.4397116267872]}}, {"type": "Feature", "properties": {"substation": "ΧΑΝΙΩΝ", "deddie_icons": ["Green"], "min_margin_mva": 9.5, "prefecture": "Περιφερειακή Ενότητα Χανίων", "feeding_kyt": "ΚΥΤ Αθικίων", "kyt_distance_km": 333.4, "topology_status": "assigned", "admie_zone": null, "admie_confidence": null, "admie_decision": null, "hidden_red": false, "slope_mean_deg": 3.1, "gentle_frac": 0.95, "terrain": "gentle"}, "geometry": {"type": "Point", "coordinates": [24.03786, 35.48985]}}, {"type": "Feature", "properties": {"substation": "ΑΜΦΙΣΣΑΣ", "deddie_icons": ["Green", "Orange"], "min_margin_mva": 0.6, "prefecture": "Περιφερειακή Ενότητα Φωκίδας", "feeding_kyt": "Κέντρο Υπερυψηλής Τάσης Διστόμου", "kyt_distance_km": 42.8, "topology_status": "assigned", "admie_zone": null, "admie_confidence": null, "admie_decision": null, "hidden_red": false, "slope_mean_deg": 7.8, "gentle_frac": 0.71, "terrain": "gentle"}, "geometry": {"type": "Point", "coordinates": [22.4020037604103, 38.4982709633277]}}, {"type": "Feature", "properties": {"substation": "ΑΣΠΡΟΠΥΡΓΟΥ", "deddie_icons": ["Green", "Red"], "min_margin_mva": 0.0, "prefecture": "Περιφερειακή Ενότητα Δυτικής Αττικής", "feeding_kyt": "ΚΥΤ ΚΟΥΜΟΥΝΔΟΥΡΟΥ", "kyt_distance_km": 10.3, "topology_status": "assigned", "admie_zone": null, "admie_confidence": null, "admie_decision": null, "hidden_red": false, "slope_mean_deg": 1.6, "gentle_frac": 0.98, "terrain": "gentle"}, "geometry": {"type": "Point", "coordinates": [23.5695563311151, 38.0502892213333]}}, {"type": "Feature", "properties": {"substation": "ΒΡΙΛΗΣΣΙΩΝ", "deddie_icons": ["Green"], "min_margin_mva": 25.1, "prefecture": "Περιφερειακή Ενότητα Βορείου Τομέα Αθηνών", "feeding_kyt": "ΚΥΤ ΠΑΛΛΗΝΗΣ", "kyt_distance_km": 8.0, "topology_status": "assigned", "admie_zone": null, "admie_confidence": null, "admie_decision": null, "hidden_red": false, "slope_mean_deg": 5.4, "gentle_frac": 0.9, "terrain": "gentle"}, "geometry": {"type": "Point", "coordinates": [23.8402008278896, 38.044981544528]}}, {"type": "Feature", "properties": {"substation": "ΕΡΕΤΡΙΑΣ", "deddie_icons": ["Green"], "min_margin_mva": 31.5, "prefecture": "Περιφερειακή Ενότητα Ευβοίας", "feeding_kyt": "ΚΥΤ ΑΓΙΟΥ ΣΤΕΦΑΝΟΥ", "kyt_distance_km": 57.8, "topology_status": "assigned", "admie_zone": "Εύβοια", "admie_confidence": "high", "admie_decision": "ΡΑΕ 136/2006 & 96/2007 (χαρακτηρισμός)· περιθώρια ΡΑΕ 1253/2010, 1291/2011", "hidden_red": true, "slope_mean_deg": 8.1, "gentle_frac": 0.68, "terrain": "gentle"}, "geometry": {"type": "Point", "coordinates": [23.7202536817114, 38.4215951433399]}}, {"type": "Feature", "properties": {"substation": "ΘΗΒΑΣ", "deddie_icons": ["Orange", "Red"], "min_margin_mva": 0.0, "prefecture": "Περιφερειακή Ενότητα Βοιωτίας", "feeding_kyt": "ΚΥΤ ΛΑΡΙΜΝΑΣ", "kyt_distance_km": 52.1, "topology_status": "assigned", "admie_zone": "Στερεά Ελλάδα", "admie_confidence": "medium", "admie_decision": "not confirmed (Art.14 framework)", "hidden_red": false, "slope_mean_deg": 3.3, "gentle_frac": 0.95, "terrain": "gentle"}, "geometry": {"type": "Point", "coordinates": [23.3316327117862, 38.3351060601784]}}, {"type": "Feature", "properties": {"substation": "ΚΑΛΛΙΘΕΑΣ (150/20)", "deddie_icons": ["Green"], "min_margin_mva": 37.2, "prefecture": "Περιφερειακή Ενότητα Νοτίου Τομέα Αθηνών", "feeding_kyt": "ΚΥΤ ΚΟΥΜΟΥΝΔΟΥΡΟΥ", "kyt_distance_km": 11.9, "topology_status": "assigned", "admie_zone": null, "admie_confidence": null, "admie_decision": null, "hidden_red": false, "slope_mean_deg": 5.6, "gentle_frac": 0.88, "terrain": "gentle"}, "geometry": {"type": "Point", "coordinates": [23.6990108823725, 37.9547208162902]}}, {"type": "Feature", "properties": {"substation": "ΚΑΝΑΛΑΚΙΟΥ", "deddie_icons": ["Green", "Red"], "min_margin_mva": 0.0, "prefecture": "Περιφερειακή Ενότητα Θεσπρωτίας", "feeding_kyt": "Κέντρο Υπερυψηλής Τάσης Αράχθου", "kyt_distance_km": 49.0, "topology_status": "assigned", "admie_zone": null, "admie_confidence": null, "admie_decision": null, "hidden_red": false, "slope_mean_deg": 9.8, "gentle_frac": 0.6, "terrain": "gentle"}, "geometry": {"type": "Point", "coordinates": [20.5315459709167, 39.2995283764042]}}, {"type": "Feature", "properties": {"substation": "ΚΑΡΥΣΤΟΥ", "deddie_icons": ["Green", "Red"], "min_margin_mva": 0.0, "prefecture": "Περιφερειακή Ενότητα Ευβοίας", "feeding_kyt": "ΚΥΤ ΑΛΙΒΕΡΙΟΥ", "kyt_distance_km": 53.0, "topology_status": "assigned", "admie_zone": "Εύβοια", "admie_confidence": "high", "admie_decision": "ΡΑΕ 136/2006 & 96/2007 (χαρακτηρισμός)· περιθώρια ΡΑΕ 1253/2010, 1291/2011", "hidden_red": false, "slope_mean_deg": 5.4, "gentle_frac": 0.78, "terrain": "gentle"}, "geometry": {"type": "Point", "coordinates": [24.3856320232475, 38.0284456411118]}}, {"type": "Feature", "properties": {"substation": "ΚΥΤ ΔΙΣΤΟΜΟΥ", "deddie_icons": ["Green", "Red"], "min_margin_mva": 0.0, "prefecture": "Περιφερειακή Ενότητα Βοιωτίας", "feeding_kyt": "Κέντρο Υπερυψηλής Τάσης Διστόμου", "kyt_distance_km": 0.1, "topology_status": "assigned", "admie_zone": "Στερεά Ελλάδα", "admie_confidence": "medium", "admie_decision": "not confirmed (Art.14 framework)", "hidden_red": false, "slope_mean_deg": 9.6, "gentle_frac": 0.58, "terrain": "mixed"}, "geometry": {"type": "Point", "coordinates": [22.6879172575489, 38.4372542503057]}}, {"type": "Feature", "properties": {"substation": "ΛΑΠΠΑ", "deddie_icons": ["Green"], "min_margin_mva": 25.2, "prefecture": "Περιφερειακή Ενότητα Αχαΐας", "feeding_kyt": "Κέντρο Υπερυψηλής Τάσης Αχελώου", "kyt_distance_km": 116.3, "topology_status": "assigned", "admie_zone": null, "admie_confidence": null, "admie_decision": null, "hidden_red": false, "slope_mean_deg": 1.4, "gentle_frac": 0.99, "terrain": "gentle"}, "geometry": {"type": "Point", "coordinates": [21.4223878226863, 38.0871486595828]}}, {"type": "Feature", "properties": {"substation": "ΛΕΙΒΑΔΙΟΥ", "deddie_icons": ["Red"], "min_margin_mva": 0.0, "prefecture": "Περιφερειακή Ενότητα Ευβοίας", "feeding_kyt": "ΚΥΤ ΑΛΙΒΕΡΙΟΥ", "kyt_distance_km": 73.6, "topology_status": "assigned", "admie_zone": "Εύβοια", "admie_confidence": "high", "admie_decision": "ΡΑΕ 136/2006 & 96/2007 (χαρακτηρισμός)· περιθώρια ΡΑΕ 1253/2010, 1291/2011", "hidden_red": false, "slope_mean_deg": 8.9, "gentle_frac": 0.55, "terrain": "mixed"}, "geometry": {"type": "Point", "coordinates": [24.5546805168507, 37.9924495340461]}}, {"type": "Feature", "properties": {"substation": "ΜΕΓΑΡΩΝ", "deddie_icons": ["Green"], "min_margin_mva": 18.7, "prefecture": "Περιφερειακή Ενότητα Δυτικής Αττικής", "feeding_kyt": "ΚΥΤ ΚΟΥΜΟΥΝΔΟΥΡΟΥ", "kyt_distance_km": 34.7, "topology_status": "assigned", "admie_zone": null, "admie_confidence": null, "admie_decision": null, "hidden_red": false, "slope_mean_deg": 1.3, "gentle_frac": 1.0, "terrain": "gentle"}, "geometry": {"type": "Point", "coordinates": [23.3669198613418, 38.0006599800164]}}, {"type": "Feature", "properties": {"substation": "ΜΟΛΑΩΝ", "deddie_icons": ["Green"], "min_margin_mva": 24.5, "prefecture": "Περιφερειακή Ενότητα Λακωνίας", "feeding_kyt": "ΚΥΤ Αθικίων", "kyt_distance_km": 138.0, "topology_status": "assigned", "admie_zone": null, "admie_confidence": null, "admie_decision": null, "hidden_red": false, "slope_mean_deg": 0.9, "gentle_frac": 1.0, "terrain": "gentle"}, "geometry": {"type": "Point", "coordinates": [22.8922429251157, 36.7904635281677]}}, {"type": "Feature", "properties": {"substation": "ΜΟΥΡΤΟΥ", "deddie_icons": ["Green"], "min_margin_mva": 6.4, "prefecture": "Περιφερειακή Ενότητα Θεσπρωτίας", "feeding_kyt": "Κέντρο Υπερυψηλής Τάσης Αράχθου", "kyt_distance_km": 75.3, "topology_status": "assigned", "admie_zone": null, "admie_confidence": null, "admie_decision": null, "hidden_red": false, "slope_mean_deg": 9.1, "gentle_frac": 0.66, "terrain": "gentle"}, "geometry": {"type": "Point", "coordinates": [20.2941222803092, 39.4386043915603]}}, {"type": "Feature", "properties": {"substation": "Ν. ΠΛΑΣΤΗΡΑΣ", "deddie_icons": ["Green"], "min_margin_mva": 2.9, "prefecture": "Περιφερειακή Ενότητα Καρδίτσας", "feeding_kyt": "ΚΥΤ ΛΑΡΙΣΑΣ", "kyt_distance_km": 162.2, "topology_status": "assigned", "admie_zone": "Θεσσαλία", "admie_confidence": "medium", "admie_decision": "not confirmed (Art.14 framework)", "hidden_red": true, "slope_mean_deg": 11.0, "gentle_frac": 0.51, "terrain": "mixed"}, "geometry": {"type": "Point", "coordinates": [21.8124363779999, 39.3269000802041]}}, {"type": "Feature", "properties": {"substation": "ΞΥΛΟΚΑΣΤΡΟΥ", "deddie_icons": ["Green"], "min_margin_mva": 28.9, "prefecture": "Περιφερειακή Ενότητα Κορινθίας", "feeding_kyt": "ΚΥΤ Αθικίων", "kyt_distance_km": 41.9, "topology_status": "assigned", "admie_zone": null, "admie_confidence": null, "admie_decision": null, "hidden_red": false, "slope_mean_deg": 7.9, "gentle_frac": 0.71, "terrain": "gentle"}, "geometry": {"type": "Point", "coordinates": [22.6423355808456, 38.0644274855124]}}, {"type": "Feature", "properties": {"substation": "ΟΛΥΜΠΙΑΚΟΥ ΧΩΡΙΟΥ", "deddie_icons": ["Green"], "min_margin_mva": 28.1, "prefecture": "Περιφερειακή Ενότητα Ανατολικής Αττικής", "feeding_kyt": "ΚΥΤ ΑΓΙΟΥ ΣΤΕΦΑΝΟΥ", "kyt_distance_km": 7.9, "topology_status": "assigned", "admie_zone": null, "admie_confidence": null, "admie_decision": null, "hidden_red": false, "slope_mean_deg": 3.4, "gentle_frac": 1.0, "terrain": "gentle"}, "geometry": {"type": "Point", "coordinates": [23.7666617288168, 38.1152729263949]}}, {"type": "Feature", "properties": {"substation": "ΠΗΓΩΝ ΑΩΟΥ", "deddie_icons": ["Red"], "min_margin_mva": 0.0, "prefecture": "Περιφερειακή Ενότητα Ιωαννίνων", "feeding_kyt": "Κέντρο Υπερυψηλής Τάσης Αράχθου", "kyt_distance_km": 76.6, "topology_status": "assigned", "admie_zone": "Ήπειρος (τμήμα)", "admie_confidence": "low", "admie_decision": "not confirmed", "hidden_red": false, "slope_mean_deg": 24.8, "gentle_frac": 0.06, "terrain": "steep"}, "geometry": {"type": "Point", "coordinates": [21.0927991135504, 39.7835121916015]}}, {"type": "Feature", "properties": {"substation": "ΠΡΑΙΤΩΡΙΩΝ", "deddie_icons": ["Orange", "Red"], "min_margin_mva": 0.0, "prefecture": "Περιφερειακή Ενότητα Ηρακλείου", "feeding_kyt": "ΚΥΤ Αθικίων", "kyt_distance_km": 498.3, "topology_status": "assigned", "admie_zone": null, "admie_confidence": null, "admie_decision": null, "hidden_red": false, "slope_mean_deg": 1.1, "gentle_frac": 1.0, "terrain": "gentle"}, "geometry": {"type": "Point", "coordinates": [25.14856, 35.03627]}}, {"type": "Feature", "properties": {"substation": "ΧΑΛΚΙΔΑ I", "deddie_icons": ["Green"], "min_margin_mva": 11.7, "prefecture": "Περιφερειακή Ενότητα Ευβοίας", "feeding_kyt": "ΚΥΤ ΑΓΙΟΥ ΣΤΕΦΑΝΟΥ", "kyt_distance_km": 52.9, "topology_status": "assigned", "admie_zone": "Εύβοια", "admie_confidence": "high", "admie_decision": "ΡΑΕ 136/2006 & 96/2007 (χαρακτηρισμός)· περιθώρια ΡΑΕ 1253/2010, 1291/2011", "hidden_red": true, "slope_mean_deg": 4.3, "gentle_frac": 0.89, "terrain": "gentle"}, "geometry": {"type": "Point", "coordinates": [23.6044279810684, 38.4569956703729]}}, {"type": "Feature", "properties": {"substation": "ΨΑΧΝΩΝ", "deddie_icons": ["Orange", "Red"], "min_margin_mva": 0.0, "prefecture": "Περιφερειακή Ενότητα Ευβοίας", "feeding_kyt": "ΚΥΤ ΛΑΡΙΣΑΣ", "kyt_distance_km": 186.2, "topology_status": "assigned", "admie_zone": "Εύβοια", "admie_confidence": "high", "admie_decision": "ΡΑΕ 136/2006 & 96/2007 (χαρακτηρισμός)· περιθώρια ΡΑΕ 1253/2010, 1291/2011", "hidden_red": false, "slope_mean_deg": 1.4, "gentle_frac": 0.98, "terrain": "gentle"}, "geometry": {"type": "Point", "coordinates": [23.6341004374562, 38.5586160202957]}}, {"type": "Feature", "properties": {"substation": "ΑΘΕΡΙΝΟΛΑΚΚΟΥ", "deddie_icons": ["Green"], "min_margin_mva": 23.7, "prefecture": "Περιφερειακή Ενότητα Λασιθίου", "feeding_kyt": "ΚΥΤ Αθικίων", "kyt_distance_km": 560.8, "topology_status": "assigned", "admie_zone": null, "admie_confidence": null, "admie_decision": null, "hidden_red": false, "slope_mean_deg": 10.6, "gentle_frac": 0.52, "terrain": "mixed"}, "geometry": {"type": "Point", "coordinates": [26.13747, 35.00417]}}, {"type": "Feature", "properties": {"substation": "ΑΡΓΟΣ I", "deddie_icons": ["Green"], "min_margin_mva": 30.7, "prefecture": "Περιφερειακή Ενότητα Αργολίδος", "feeding_kyt": "ΚΥΤ Αθικίων", "kyt_distance_km": 27.6, "topology_status": "assigned", "admie_zone": "Πελοπόννησος (κατάντη ΚΥΤ Κουμουνδούρου)", "admie_confidence": "high", "admie_decision": "ΡΑΕ 663/2019 (περιθώρια)· αρχικός χαρακτηρισμός ΡΑΕ 699/2012· επανεξέταση ΡΑΕ 231/2022", "hidden_red": true, "slope_mean_deg": 1.0, "gentle_frac": 1.0, "terrain": "gentle"}, "geometry": {"type": "Point", "coordinates": [22.7729620188248, 37.6222906934581]}}, {"type": "Feature", "properties": {"substation": "ΑΡΓΟΣ II", "deddie_icons": ["Green"], "min_margin_mva": 21.8, "prefecture": "Περιφερειακή Ενότητα Αργολίδος", "feeding_kyt": "ΚΥΤ Αθικίων", "kyt_distance_km": 28.3, "topology_status": "assigned", "admie_zone": "Πελοπόννησος (κατάντη ΚΥΤ Κουμουνδούρου)", "admie_confidence": "high", "admie_decision": "ΡΑΕ 663/2019 (περιθώρια)· αρχικός χαρακτηρισμός ΡΑΕ 699/2012· επανεξέταση ΡΑΕ 231/2022", "hidden_red": true, "slope_mean_deg": 4.9, "gentle_frac": 0.82, "terrain": "gentle"}, "geometry": {"type": "Point", "coordinates": [22.7183003890614, 37.6507671854202]}}, {"type": "Feature", "properties": {"substation": "ΒΡΥΣΩΝ", "deddie_icons": ["Green"], "min_margin_mva": 18.8, "prefecture": "Περιφερειακή Ενότητα Χανίων", "feeding_kyt": "ΚΥΤ Αθικίων", "kyt_distance_km": 352.3, "topology_status": "assigned", "admie_zone": null, "admie_confidence": null, "admie_decision": null, "hidden_red": false, "slope_mean_deg": 8.9, "gentle_frac": 0.65, "terrain": "gentle"}, "geometry": {"type": "Point", "coordinates": [24.19944, 35.38775]}}, {"type": "Feature", "properties": {"substation": "ΔΟΜΟΚΟΥ", "deddie_icons": ["Green"], "min_margin_mva": 24.6, "prefecture": "Περιφερειακή Ενότητα Φθιώτιδας", "feeding_kyt": "ΚΥΤ ΛΑΡΙΣΑΣ", "kyt_distance_km": 63.6, "topology_status": "assigned", "admie_zone": "Στερεά Ελλάδα", "admie_confidence": "medium", "admie_decision": "not confirmed (Art.14 framework)", "hidden_red": true, "slope_mean_deg": 7.7, "gentle_frac": 0.69, "terrain": "gentle"}, "geometry": {"type": "Point", "coordinates": [22.3116390228866, 39.1136357173428]}}, {"type": "Feature", "properties": {"substation": "ΕΥΛΗΓΙΑΣ", "deddie_icons": ["Green"], "min_margin_mva": 37.5, "prefecture": "Περιφερειακή Ενότητα Ρεθύμνης", "feeding_kyt": "ΚΥΤ Αθικίων", "kyt_distance_km": 379.4, "topology_status": "assigned", "admie_zone": null, "admie_confidence": null, "admie_decision": null, "hidden_red": false, "slope_mean_deg": 11.4, "gentle_frac": 0.54, "terrain": "mixed"}, "geometry": {"type": "Point", "coordinates": [24.4798, 35.35464]}}, {"type": "Feature", "properties": {"substation": "ΚΑΜΕΝΩΝ ΒΟΥΡΛΩΝ", "deddie_icons": ["Green", "Orange"], "min_margin_mva": 0.0, "prefecture": "Περιφερειακή Ενότητα Φθιώτιδας", "feeding_kyt": "ΚΥΤ ΛΑΡΙΜΝΑΣ", "kyt_distance_km": 58.8, "topology_status": "assigned", "admie_zone": "Στερεά Ελλάδα", "admie_confidence": "medium", "admie_decision": "not confirmed (Art.14 framework)", "hidden_red": false, "slope_mean_deg": 10.0, "gentle_frac": 0.65, "terrain": "gentle"}, "geometry": {"type": "Point", "coordinates": [22.7354665379571, 38.7814910359457]}}, {"type": "Feature", "properties": {"substation": "ΚΙΛΚΙΣ", "deddie_icons": ["Red"], "min_margin_mva": 0.0, "prefecture": "Περιφερειακή Ενότητα Κιλκίς", "feeding_kyt": "Κέντρο Υψηλής Τάσης Λαγκαδά", "kyt_distance_km": 36.7, "topology_status": "assigned", "admie_zone": null, "admie_confidence": null, "admie_decision": null, "hidden_red": false, "slope_mean_deg": 5.3, "gentle_frac": 0.93, "terrain": "gentle"}, "geometry": {"type": "Point", "coordinates": [22.8864386369066, 41.0069508198954]}}, {"type": "Feature", "properties": {"substation": "ΛΑΜΙΑΣ", "deddie_icons": ["Orange", "Red"], "min_margin_mva": 0.0, "prefecture": "Περιφερειακή Ενότητα Φθιώτιδας", "feeding_kyt": "ΚΥΤ ΛΑΡΙΣΑΣ", "kyt_distance_km": 87.0, "topology_status": "assigned", "admie_zone": "Στερεά Ελλάδα", "admie_confidence": "medium", "admie_decision": "not confirmed (Art.14 framework)", "hidden_red": false, "slope_mean_deg": 10.4, "gentle_frac": 0.51, "terrain": "mixed"}, "geometry": {"type": "Point", "coordinates": [22.419231171461, 38.9255908493998]}}, {"type": "Feature", "properties": {"substation": "ΛΙΝΟΠΕΡΑΜΑΤΩΝ", "deddie_icons": ["Green"], "min_margin_mva": 19.4, "prefecture": "Περιφερειακή Ενότητα Ηρακλείου", "feeding_kyt": "ΚΥΤ Αθικίων", "kyt_distance_km": 435.8, "topology_status": "assigned", "admie_zone": null, "admie_confidence": null, "admie_decision": null, "hidden_red": false, "slope_mean_deg": 8.0, "gentle_frac": 0.74, "terrain": "gentle"}, "geometry": {"type": "Point", "coordinates": [25.05157, 35.33898]}}, {"type": "Feature", "properties": {"substation": "ΜΕΘΑΝΑ I", "deddie_icons": ["Green"], "min_margin_mva": 47.2, "prefecture": "Περιφερειακή Ενότητα Νήσων", "feeding_kyt": "ΚΥΤ Αθικίων", "kyt_distance_km": 62.2, "topology_status": "assigned", "admie_zone": null, "admie_confidence": null, "admie_decision": null, "hidden_red": false, "slope_mean_deg": 7.3, "gentle_frac": 0.67, "terrain": "gentle"}, "geometry": {"type": "Point", "coordinates": [23.3555019073605, 37.5224987530467]}}, {"type": "Feature", "properties": {"substation": "ΝΕΑΣ ΠΕΛΛΑΣ", "deddie_icons": ["Orange", "Red"], "min_margin_mva": 0.0, "prefecture": "Περιφερειακή Ενότητα Πέλλας", "feeding_kyt": "Κέντρο Υπερυψηλής Τάσης Θεσσαλονίκης (ΚΥΤ)", "kyt_distance_km": 42.0, "topology_status": "assigned", "admie_zone": "Κεντρική Μακεδονία (τμήμα)", "admie_confidence": "medium", "admie_decision": "not confirmed (Art.14 framework)", "hidden_red": false, "slope_mean_deg": 1.8, "gentle_frac": 1.0, "terrain": "gentle"}, "geometry": {"type": "Point", "coordinates": [22.474078106179, 40.7656430941883]}}, {"type": "Feature", "properties": {"substation": "ΣΠΑΡΤΗ I", "deddie_icons": ["Green"], "min_margin_mva": 18.4, "prefecture": "Περιφερειακή Ενότητα Λακωνίας", "feeding_kyt": "ΚΥΤ Αθικίων", "kyt_distance_km": 178.1, "topology_status": "assigned", "admie_zone": null, "admie_confidence": null, "admie_decision": null, "hidden_red": false, "slope_mean_deg": 8.6, "gentle_frac": 0.65, "terrain": "gentle"}, "geometry": {"type": "Point", "coordinates": [22.508636471024, 36.9260907504273]}}, {"type": "Feature", "properties": {"substation": "ΑΓΙΑ ΛΑΡΙΣΑΣ", "deddie_icons": ["Red"], "min_margin_mva": 0.0, "prefecture": "Περιφερειακή Ενότητα Λάρισας", "feeding_kyt": "ΚΥΤ ΛΑΡΙΣΑΣ", "kyt_distance_km": 45.5, "topology_status": "assigned", "admie_zone": "Θεσσαλία", "admie_confidence": "medium", "admie_decision": "not confirmed (Art.14 framework)", "hidden_red": false, "slope_mean_deg": 7.8, "gentle_frac": 0.64, "terrain": "gentle"}, "geometry": {"type": "Point", "coordinates": [22.6809535738151, 39.6867488454379]}}, {"type": "Feature", "properties": {"substation": "ΑΓΙΑΣ ΒΑΡΒΑΡΑΣ", "deddie_icons": ["Green"], "min_margin_mva": 18.0, "prefecture": "Περιφερειακή Ενότητα Ηρακλείου", "feeding_kyt": "ΚΥΤ Αθικίων", "kyt_distance_km": 459.2, "topology_status": "assigned", "admie_zone": null, "admie_confidence": null, "admie_decision": null, "hidden_red": false, "slope_mean_deg": 11.7, "gentle_frac": 0.42, "terrain": "mixed"}, "geometry": {"type": "Point", "coordinates": [25.00021, 35.14834]}}, {"type": "Feature", "properties": {"substation": "ΑΝΔΡΟΥ", "deddie_icons": ["Green"], "min_margin_mva": 35.7, "prefecture": "Περιφερειακή Ενότητα Άνδρου", "feeding_kyt": "ΚΥΤ ΑΛΙΒΕΡΙΟΥ", "kyt_distance_km": 110.6, "topology_status": "assigned", "admie_zone": null, "admie_confidence": null, "admie_decision": null, "hidden_red": false, "slope_mean_deg": 12.8, "gentle_frac": 0.34, "terrain": "mixed"}, "geometry": {"type": "Point", "coordinates": [24.8692921044418, 37.7978264112351]}}, {"type": "Feature", "properties": {"substation": "ΒΟΛΟΣ I", "deddie_icons": ["Green"], "min_margin_mva": 10.2, "prefecture": "Περιφερειακή Ενότητα Μαγνησίας", "feeding_kyt": "ΚΥΤ ΛΑΡΙΣΑΣ", "kyt_distance_km": 41.8, "topology_status": "assigned", "admie_zone": null, "admie_confidence": null, "admie_decision": null, "hidden_red": false, "slope_mean_deg": 3.3, "gentle_frac": 0.96, "terrain": "gentle"}, "geometry": {"type": "Point", "coordinates": [22.9254548027621, 39.3801764233947]}}, {"type": "Feature", "properties": {"substation": "ΔΙΔΥΜΟΤΕΙΧΟΥ", "deddie_icons": ["Green", "Red"], "min_margin_mva": 0.0, "prefecture": "Περιφερειακή Ενότητα Έβρου", "feeding_kyt": "Κέντρο Υπερυψηλής Τάσης (ΚΥΤ) Νέας Σάντας", "kyt_distance_km": 100.1, "topology_status": "assigned", "admie_zone": "Θράκη", "admie_confidence": "medium", "admie_decision": "not confirmed as a single citable transmission decision; Art.14 annual framework", "hidden_red": false, "slope_mean_deg": 5.0, "gentle_frac": 0.86, "terrain": "gentle"}, "geometry": {"type": "Point", "coordinates": [26.4929650369089, 41.3306409744478]}}, {"type": "Feature", "properties": {"substation": "ΔΟΡΙΖΑ I", "deddie_icons": ["Green", "Red"], "min_margin_mva": 0.0, "prefecture": "Περιφερειακή Ενότητα Αρκαδίας", "feeding_kyt": "(sub 249414224)", "kyt_distance_km": 24.9, "topology_status": "assigned", "admie_zone": null, "admie_confidence": null, "admie_decision": null, "hidden_red": false, "slope_mean_deg": 10.9, "gentle_frac": 0.46, "terrain": "mixed"}, "geometry": {"type": "Point", "coordinates": [22.3016935788241, 37.4312418167321]}}, {"type": "Feature", "properties": {"substation": "ΚΑΡΠΕΝΗΣΙΟΥ", "deddie_icons": ["Orange"], "min_margin_mva": 0.0, "prefecture": "Περιφερειακή Ενότητα Ευρυτανίας", "feeding_kyt": "Κέντρο Υπερυψηλής Τάσης Αχελώου", "kyt_distance_km": 56.1, "topology_status": "assigned", "admie_zone": "Στερεά Ελλάδα", "admie_confidence": "medium", "admie_decision": "not confirmed (Art.14 framework)", "hidden_red": false, "slope_mean_deg": 12.3, "gentle_frac": 0.59, "terrain": "mixed"}, "geometry": {"type": "Point", "coordinates": [21.8025477329655, 38.9076300446833]}}, {"type": "Feature", "properties": {"substation": "ΚΡΕΜΑΣΤΩΝ", "deddie_icons": ["Green"], "min_margin_mva": 3.3, "prefecture": "Περιφερειακή Ενότητα Αιτωλοακαρνανίας", "feeding_kyt": "Κέντρο Υπερυψηλής Τάσης Αχελώου", "kyt_distance_km": 22.2, "topology_status": "assigned", "admie_zone": "Δυτική Ελλάδα (τμήμα)", "admie_confidence": "low", "admie_decision": "not confirmed", "hidden_red": true, "slope_mean_deg": 14.7, "gentle_frac": 0.41, "terrain": "mixed"}, "geometry": {"type": "Point", "coordinates": [21.4983505373895, 38.8828492024334]}}, {"type": "Feature", "properties": {"substation": "ΛΟΥΡΟΥ ΥΗΣ", "deddie_icons": ["Red"], "min_margin_mva": 0.0, "prefecture": "Περιφερειακή Ενότητα Άρτας", "feeding_kyt": "Κέντρο Υπερυψηλής Τάσης Αράχθου", "kyt_distance_km": 12.3, "topology_status": "assigned", "admie_zone": null, "admie_confidence": null, "admie_decision": null, "hidden_red": false, "slope_mean_deg": 13.9, "gentle_frac": 0.36, "terrain": "mixed"}, "geometry": {"type": "Point", "coordinates": [20.8658921334436, 39.2513406726805]}}, {"type": "Feature", "properties": {"substation": "ΜΑΚΡΥΧΩΡΙΟΥ", "deddie_icons": ["Red"], "min_margin_mva": 0.0, "prefecture": "Περιφερειακή Ενότητα Λάρισας", "feeding_kyt": "ΚΥΤ ΛΑΡΙΣΑΣ", "kyt_distance_km": 37.3, "topology_status": "assigned", "admie_zone": "Θεσσαλία", "admie_confidence": "medium", "admie_decision": "not confirmed (Art.14 framework)", "hidden_red": false, "slope_mean_deg": 3.9, "gentle_frac": 0.91, "terrain": "gentle"}, "geometry": {"type": "Point", "coordinates": [22.4743830364359, 39.7726020089803]}}, {"type": "Feature", "properties": {"substation": "ΜΑΝΤΟΥΔΙΟΥ", "deddie_icons": ["Green"], "min_margin_mva": 7.2, "prefecture": "Περιφερειακή Ενότητα Ευβοίας", "feeding_kyt": "ΚΥΤ ΛΑΡΙΣΑΣ", "kyt_distance_km": 151.9, "topology_status": "assigned", "admie_zone": "Εύβοια", "admie_confidence": "high", "admie_decision": "ΡΑΕ 136/2006 & 96/2007 (χαρακτηρισμός)· περιθώρια ΡΑΕ 1253/2010, 1291/2011", "hidden_red": true, "slope_mean_deg": 8.9, "gentle_frac": 0.65, "terrain": "gentle"}, "geometry": {"type": "Point", "coordinates": [23.4133737674775, 38.8217483033665]}}, {"type": "Feature", "properties": {"substation": "ΣΟΦΑΔΩΝ", "deddie_icons": ["Orange", "Red"], "min_margin_mva": 0.0, "prefecture": "Περιφερειακή Ενότητα Καρδίτσας", "feeding_kyt": null, "kyt_distance_km": null, "topology_status": "no_snap", "admie_zone": "Θεσσαλία", "admie_confidence": "medium", "admie_decision": "not confirmed (Art.14 framework)", "hidden_red": false, "slope_mean_deg": 0.5, "gentle_frac": 1.0, "terrain": "gentle"}, "geometry": {"type": "Point", "coordinates": [22.1629864761373, 39.3183768675807]}}, {"type": "Feature", "properties": {"substation": "ΣΠΑΤΩΝ", "deddie_icons": ["Green"], "min_margin_mva": 17.8, "prefecture": "Περιφερειακή Ενότητα Ανατολικής Αττικής", "feeding_kyt": "ΚΥΤ ΠΑΛΛΗΝΗΣ", "kyt_distance_km": 10.0, "topology_status": "assigned", "admie_zone": null, "admie_confidence": null, "admie_decision": null, "hidden_red": false, "slope_mean_deg": 1.0, "gentle_frac": 1.0, "terrain": "gentle"}, "geometry": {"type": "Point", "coordinates": [23.9020577140858, 37.9239115937294]}}, {"type": "Feature", "properties": {"substation": "ΣΤΡΑΤΟΥ", "deddie_icons": ["Red"], "min_margin_mva": 0.0, "prefecture": "Περιφερειακή Ενότητα Αιτωλοακαρνανίας", "feeding_kyt": "Κέντρο Υπερυψηλής Τάσης Αχελώου", "kyt_distance_km": 9.9, "topology_status": "assigned", "admie_zone": "Δυτική Ελλάδα (τμήμα)", "admie_confidence": "low", "admie_decision": "not confirmed", "hidden_red": false, "slope_mean_deg": 5.1, "gentle_frac": 0.79, "terrain": "gentle"}, "geometry": {"type": "Point", "coordinates": [21.3257986349453, 38.6756867178757]}}, {"type": "Feature", "properties": {"substation": "ΑΓΙΟΥ ΒΑΣΙΛΕΙΟΥ", "deddie_icons": ["Green"], "min_margin_mva": 33.2, "prefecture": "Περιφερειακή Ενότητα Κέρκυρας", "feeding_kyt": null, "kyt_distance_km": null, "topology_status": "unreachable", "admie_zone": null, "admie_confidence": null, "admie_decision": null, "hidden_red": false, "slope_mean_deg": 9.3, "gentle_frac": 0.61, "terrain": "gentle"}, "geometry": {"type": "Point", "coordinates": [19.8156148838734, 39.6761562804156]}}, {"type": "Feature", "properties": {"substation": "ΑΚΤΙΟΥ", "deddie_icons": ["Red"], "min_margin_mva": 0.0, "prefecture": "Περιφερειακή Ενότητα Αιτωλοακαρνανίας", "feeding_kyt": "Κέντρο Υπερυψηλής Τάσης Αχελώου", "kyt_distance_km": 70.1, "topology_status": "assigned", "admie_zone": "Δυτική Ελλάδα (τμήμα)", "admie_confidence": "low", "admie_decision": "not confirmed", "hidden_red": false, "slope_mean_deg": 2.0, "gentle_frac": 0.95, "terrain": "gentle"}, "geometry": {"type": "Point", "coordinates": [20.7916585822231, 38.9146514982152]}}, {"type": "Feature", "properties": {"substation": "ΑΣΤΡΟΥ", "deddie_icons": ["Green"], "min_margin_mva": 21.7, "prefecture": "Περιφερειακή Ενότητα Αρκαδίας", "feeding_kyt": "ΚΥΤ Αθικίων", "kyt_distance_km": 57.8, "topology_status": "assigned", "admie_zone": null, "admie_confidence": null, "admie_decision": null, "hidden_red": false, "slope_mean_deg": 5.7, "gentle_frac": 0.81, "terrain": "gentle"}, "geometry": {"type": "Point", "coordinates": [22.7322334756924, 37.4212986313827]}}, {"type": "Feature", "properties": {"substation": "ΔΟΛΙΑΝΩΝ", "deddie_icons": ["Green"], "min_margin_mva": 19.8, "prefecture": "Περιφερειακή Ενότητα Ιωαννίνων", "feeding_kyt": null, "kyt_distance_km": null, "topology_status": "unreachable", "admie_zone": "Ήπειρος (τμήμα)", "admie_confidence": "low", "admie_decision": "not confirmed", "hidden_red": true, "slope_mean_deg": 8.0, "gentle_frac": 0.69, "terrain": "gentle"}, "geometry": {"type": "Point", "coordinates": [20.6048994708411, 39.8932153598304]}}, {"type": "Feature", "properties": {"substation": "ΕΔΕΣΣΑΙΟΣ ΥΗΣ", "deddie_icons": ["Red"], "min_margin_mva": 0.0, "prefecture": "Περιφερειακή Ενότητα Πέλλας", "feeding_kyt": "Κέντρο Υπερυψηλής Τάσης (ΚΥΤ) Μελίτη", "kyt_distance_km": 71.5, "topology_status": "assigned", "admie_zone": "Κεντρική Μακεδονία (τμήμα)", "admie_confidence": "medium", "admie_decision": "not confirmed (Art.14 framework)", "hidden_red": false, "slope_mean_deg": 7.4, "gentle_frac": 0.74, "terrain": "gentle"}, "geometry": {"type": "Point", "coordinates": [22.0619444748057, 40.7973465001159]}}, {"type": "Feature", "properties": {"substation": "ΖΑΡΚΑΔΙΑΣ", "deddie_icons": ["Red"], "min_margin_mva": 0.0, "prefecture": "Περιφερειακή Ενότητα Καβάλας", "feeding_kyt": "Κέντρο Υπερυψηλής Τάσης (ΚΥΤ) Νέας Σάντας", "kyt_distance_km": 99.0, "topology_status": "assigned", "admie_zone": null, "admie_confidence": null, "admie_decision": null, "hidden_red": false, "slope_mean_deg": 4.0, "gentle_frac": 0.96, "terrain": "gentle"}, "geometry": {"type": "Point", "coordinates": [24.6573718603552, 41.0063212857851]}}, {"type": "Feature", "properties": {"substation": "ΗΡΑΚΛΕΙΟ I", "deddie_icons": ["Green"], "min_margin_mva": 46.4, "prefecture": "Περιφερειακή Ενότητα Ηρακλείου", "feeding_kyt": "ΚΥΤ Αθικίων", "kyt_distance_km": 448.2, "topology_status": "assigned", "admie_zone": null, "admie_confidence": null, "admie_decision": null, "hidden_red": false, "slope_mean_deg": 4.9, "gentle_frac": 0.91, "terrain": "gentle"}, "geometry": {"type": "Point", "coordinates": [25.11893, 35.32583]}}, {"type": "Feature", "properties": {"substation": "ΘΗΣΑΥΡΟΥ", "deddie_icons": ["Orange"], "min_margin_mva": 0.8, "prefecture": "Περιφερειακή Ενότητα Δράμας", "feeding_kyt": "Κέντρο Υπερυψηλής Τάσης (ΚΥΤ) Φιλίππων", "kyt_distance_km": 40.9, "topology_status": "assigned", "admie_zone": null, "admie_confidence": null, "admie_decision": null, "hidden_red": false, "slope_mean_deg": 25.1, "gentle_frac": 0.11, "terrain": "steep"}, "geometry": {"type": "Point", "coordinates": [24.3748173346559, 41.3624293117647]}}, {"type": "Feature", "properties": {"substation": "ΛΥΓΟΥΡΙΟΥ", "deddie_icons": ["Green"], "min_margin_mva": 38.0, "prefecture": "Περιφερειακή Ενότητα Αργολίδος", "feeding_kyt": null, "kyt_distance_km": null, "topology_status": "no_snap", "admie_zone": "Πελοπόννησος (κατάντη ΚΥΤ Κουμουνδούρου)", "admie_confidence": "high", "admie_decision": "ΡΑΕ 663/2019 (περιθώρια)· αρχικός χαρακτηρισμός ΡΑΕ 699/2012· επανεξέταση ΡΑΕ 231/2022", "hidden_red": true, "slope_mean_deg": 11.4, "gentle_frac": 0.54, "terrain": "mixed"}, "geometry": {"type": "Point", "coordinates": [23.0099333793106, 37.6154366002756]}}, {"type": "Feature", "properties": {"substation": "ΜΕΣΟΧΩΡΑ ΥΗΣ", "deddie_icons": ["Green", "Orange"], "min_margin_mva": 1.0, "prefecture": "Περιφερειακή Ενότητα Τρικάλων", "feeding_kyt": "Κέντρο Υπερυψηλής Τάσης Αράχθου", "kyt_distance_km": 42.3, "topology_status": "assigned", "admie_zone": "Θεσσαλία", "admie_confidence": "medium", "admie_decision": "not confirmed (Art.14 framework)", "hidden_red": false, "slope_mean_deg": 31.7, "gentle_frac": 0.04, "terrain": "steep"}, "geometry": {"type": "Point", "coordinates": [21.2779020362442, 39.3962875161479]}}]}